student_id,student_name,campus_id,facilitator_email,grade,learning_track,quiz1_score,target_score,gap_to_target,below_target,risk_score,risk_level,priority_score,confidence,urgency_score,reason_codes,pattern_codes,recommended_action,action_priority,due_date,estimated_minutes,next_step,days_until_quiz2,attendance_trend,practice_trend,quiz_percentile,attendance_percentile,practice_percentile
S001,Nora Al-Salem,C01,facilitator1@noon.com,10,Standard,89.0,90.0,1.0,True,12.9,Low,13.5,1.0,16.0,NO_DOCUMENTED_INTERVENTION,STABLE_HEALTHY_BEHAVIOR;NO_POST_QUIZ_INTERVENTION,MOTIVATIONAL_MESSAGE,Low,2025-10-15,5,Send a short motivational nudge; no heavy intervention needed.,6,-0.6190476190476204,-3.095238095238095,100.0,54.3,39.9
S002,Layla Al-Rashid,C01,facilitator1@noon.com,11,Accelerated,92.0,95.0,3.0,True,12.7,Low,13.4,1.0,16.0,NO_DOCUMENTED_INTERVENTION,STABLE_HEALTHY_BEHAVIOR;NO_POST_QUIZ_INTERVENTION,MOTIVATIONAL_MESSAGE,Low,2025-10-15,5,Send a short motivational nudge; no heavy intervention needed.,6,0.7619047619047592,-2.0476190476190474,99.5,78.5,67.0
S003,Ahmad Al-Mutairi,C01,facilitator1@noon.com,10,Standard,87.0,88.0,1.0,True,12.3,Low,13.0,1.0,16.0,NO_DOCUMENTED_INTERVENTION,STABLE_HEALTHY_BEHAVIOR;NO_POST_QUIZ_INTERVENTION,MOTIVATIONAL_MESSAGE,Low,2025-10-15,5,Send a short motivational nudge; no heavy intervention needed.,6,0.4761904761904674,-1.6666666666666679,90.6,80.4,52.2
S004,Fatima Al-Qahtani,C01,facilitator1@noon.com,11,Remedial,42.0,45.0,3.0,True,36.8,Medium,33.2,1.0,19.0,LOW_ENGAGEMENT;SEVERE_NOTE_CONCERN;UNRESOLVED_FOLLOW_UP,UNRESOLVED_FOLLOW_UP,STUDENT_CHECK_IN,Medium,2025-10-15,10,Have a short 1:1 chat before/after the next session to understand the barrier.,6,-0.4285714285714306,-1.1428571428571428,58.8,72.1,51.5
S005,Omar Al-Harbi,C01,facilitator1@noon.com,10,Standard,85.0,85.0,0.0,False,60.8,High,53.2,1.0,23.0,LOW_ENGAGEMENT;NEGATIVE_TRAJECTORY;SEVERE_NOTE_CONCERN;UNRESOLVED_FOLLOW_UP,ACUTE_ATTENDANCE_DROP;PRACTICE_COLLAPSE;UNRESOLVED_FOLLOW_UP,PARENT_CALL,High,2025-10-14,15,"Call the parent today; if unreachable, send WhatsApp and try again within 24h.",6,-59.23809523809524,-16.571428571428573,79.0,3.6,14.5
S006,Sara Al-Dossari,C01,facilitator1@noon.com,11,Standard,88.0,90.0,2.0,True,54.5,High,48.2,1.0,23.0,LOW_ENGAGEMENT;NEGATIVE_TRAJECTORY;UNRESOLVED_FOLLOW_UP,ACUTE_ATTENDANCE_DROP;PRACTICE_COLLAPSE;UNRESOLVED_FOLLOW_UP,PARENT_CALL,High,2025-10-14,15,"Call the parent today; if unreachable, send WhatsApp and try again within 24h.",6,-49.238095238095234,-14.80952380952381,98.3,1.7,13.6
S007,Khalid Al-Shammari,C01,facilitator1@noon.com,10,Remedial,68.0,75.0,7.0,True,16.6,Low,16.5,0.9,16.0,NO_DOCUMENTED_INTERVENTION,RECOVERY_TRAJECTORY;STABLE_HEALTHY_BEHAVIOR;NO_POST_QUIZ_INTERVENTION;DATA_QUALITY_RISK,POSITIVE_REINFORCEMENT,Low,2025-10-16,5,Acknowledge the improvement; keep momentum with light encouragement.,6,14.0,6.142857142857142,100.0,91.7,91.7
S008,Maryam Al-Zahrani,C01,facilitator1@noon.com,11,Standard,62.0,80.0,18.0,True,36.3,Medium,32.8,1.0,19.0,MODERATE_PERFORMANCE_GAP;UNRESOLVED_FOLLOW_UP,ATTENDING_BUT_NOT_PRACTICING;UNRESOLVED_FOLLOW_UP,STUDENT_CHECK_IN,Medium,2025-10-15,10,Have a short 1:1 chat before/after the next session to understand the barrier.,6,0.7619047619047592,0.09523809523809523,14.4,73.7,8.5
S009,Abdullah Al-Maliki,C01,facilitator1@noon.com,10,Standard,58.0,70.0,12.0,True,34.3,Medium,31.2,1.0,19.0,MODERATE_PERFORMANCE_GAP;UNRESOLVED_FOLLOW_UP,CHRONIC_LOW_ATTENDANCE;UNRESOLVED_FOLLOW_UP,ATTENDANCE_FOLLOW_UP,Medium,2025-10-14,10,Confirm attendance for the next session and note the reason for the gap.,6,0.2857142857142847,-3.3333333333333357,8.7,10.9,100.0
S010,Nora Al-Ghamdi,C01,facilitator1@noon.com,11,Standard,86.0,90.0,4.0,True,14.2,Low,14.6,1.0,16.0,NO_DOCUMENTED_INTERVENTION,STABLE_HEALTHY_BEHAVIOR;NO_POST_QUIZ_INTERVENTION,MOTIVATIONAL_MESSAGE,Low,2025-10-15,5,Send a short motivational nudge; no heavy intervention needed.,6,0.095238095238102,-1.6666666666666679,83.1,46.6,48.3
S011,Hassan Al-Otaibi,C01,facilitator1@noon.com,10,Accelerated,91.0,95.0,4.0,True,12.5,Low,13.2,1.0,16.0,NO_DOCUMENTED_INTERVENTION,STABLE_HEALTHY_BEHAVIOR;NO_POST_QUIZ_INTERVENTION,MOTIVATIONAL_MESSAGE,Low,2025-10-15,5,Send a short motivational nudge; no heavy intervention needed.,6,0.7142857142857082,-1.571428571428573,98.0,92.2,83.0
S012,Amal Al-Juhani,C01,facilitator1@noon.com,11,Remedial,28.0,35.0,7.0,True,49.9,Medium,43.7,0.75,19.0,LOW_ENGAGEMENT;NO_DOCUMENTED_INTERVENTION,CHRONIC_LOW_ATTENDANCE;ZERO_PRACTICE_STREAK;NO_POST_QUIZ_INTERVENTION;DATA_QUALITY_RISK,ATTENDANCE_FOLLOW_UP,Medium,2025-10-14,10,Confirm attendance for the next session and note the reason for the gap.,6,-20.714285714285715,-1.2857142857142858,30.9,16.2,2.9
S013,Yousef Al-Balawi,C01,facilitator1@noon.com,10,Standard,84.0,85.0,1.0,True,19.8,Low,19.0,0.9,16.0,NO_DOCUMENTED_INTERVENTION,NO_POST_QUIZ_INTERVENTION;DATA_QUALITY_RISK,MOTIVATIONAL_MESSAGE,Low,2025-10-15,5,Send a short motivational nudge; no heavy intervention needed.,6,-26.57142857142857,-10.0,68.8,18.8,33.3
S014,Layla Al-Subai,C01,facilitator1@noon.com,11,Standard,65.0,70.0,5.0,True,20.2,Low,19.4,1.0,16.0,NO_DOCUMENTED_INTERVENTION,STABLE_HEALTHY_BEHAVIOR;NO_POST_QUIZ_INTERVENTION,MOTIVATIONAL_MESSAGE,Low,2025-10-15,5,Send a short motivational nudge; no heavy intervention needed.,6,0.7142857142857082,0.2857142857142865,22.9,18.6,31.4
S015,Ahmad Al-Faraj,C01,facilitator1@noon.com,10,Standard,58.0,75.0,17.0,True,32.9,Medium,30.1,0.9,19.0,MODERATE_PERFORMANCE_GAP;NO_DOCUMENTED_INTERVENTION,ATTENDING_BUT_NOT_PRACTICING;NO_POST_QUIZ_INTERVENTION;DATA_QUALITY_RISK,STUDENT_CHECK_IN,Medium,2025-10-15,10,Have a short 1:1 chat before/after the next session to understand the barrier.,6,0.095238095238102,-0.23809523809523808,8.7,54.3,6.5
S016,Fatima Al-Khaldi,C01,facilitator1@noon.com,11,Remedial,55.0,65.0,10.0,True,24.6,Low,22.9,1.0,16.0,NO_DOCUMENTED_INTERVENTION,NO_POST_QUIZ_INTERVENTION,MOTIVATIONAL_MESSAGE,Low,2025-10-15,5,Send a short motivational nudge; no heavy intervention needed.,6,0.7142857142857153,-1.666666666666666,77.9,82.4,85.3
S017,Omar Al-Harbi,C01,facilitator1@noon.com,10,Standard,83.0,85.0,2.0,True,22.1,Low,20.9,1.0,16.0,UNRESOLVED_FOLLOW_UP,UNRESOLVED_FOLLOW_UP,STUDENT_CHECK_IN,Low,2025-10-15,10,Have a short 1:1 chat before/after the next session to understand the barrier.,6,-20.904761904761898,-9.761904761904761,57.2,23.2,34.8
S018,Sara Al-Hamed,C01,facilitator1@noon.com,11,Accelerated,90.0,92.0,2.0,True,11.2,Low,12.2,1.0,16.0,NO_DOCUMENTED_INTERVENTION,STABLE_HEALTHY_BEHAVIOR;NO_POST_QUIZ_INTERVENTION,MOTIVATIONAL_MESSAGE,Low,2025-10-15,5,Send a short motivational nudge; no heavy intervention needed.,6,0.7142857142857082,-1.0476190476190474,96.2,92.2,94.0
S019,Khalid Al-Anzi,C01,facilitator1@noon.com,10,Remedial,38.0,50.0,12.0,True,42.2,Medium,37.6,0.9,19.0,MODERATE_PERFORMANCE_GAP;LOW_ENGAGEMENT;NO_DOCUMENTED_INTERVENTION,CHRONIC_LOW_ATTENDANCE;NO_POST_QUIZ_INTERVENTION;DATA_QUALITY_RISK,ATTENDANCE_FOLLOW_UP,Medium,2025-10-14,10,Confirm attendance for the next session and note the reason for the gap.,6,-0.8095238095238102,-1.0,62.5,75.0,62.5
S020,Maryam Al-Shahrani,C01,facilitator1@noon.com,11,Standard,87.0,88.0,1.0,True,11.2,Low,12.2,1.0,16.0,NO_DOCUMENTED_INTERVENTION,STABLE_HEALTHY_BEHAVIOR;NO_POST_QUIZ_INTERVENTION,MOTIVATIONAL_MESSAGE,Low,2025-10-15,5,Send a short motivational nudge; no heavy intervention needed.,6,0.095238095238102,-1.0,92.4,46.6,68.6
S021,Abdullah Al-Ghamdi,C01,facilitator2@noon.com,10,Standard,85.0,87.0,2.0,True,13.5,Low,14.0,1.0,16.0,NO_DOCUMENTED_INTERVENTION,STABLE_HEALTHY_BEHAVIOR;NO_POST_QUIZ_INTERVENTION,MOTIVATIONAL_MESSAGE,Low,2025-10-15,5,Send a short motivational nudge; no heavy intervention needed.,6,0.7619047619047592,-1.6666666666666679,79.0,80.4,39.9
S022,Nora Al-Qaisi,C01,facilitator2@noon.com,11,Remedial,32.0,40.0,8.0,True,41.5,Medium,37.0,1.0,19.0,LOW_ENGAGEMENT;NO_DOCUMENTED_INTERVENTION,CHRONIC_LOW_ATTENDANCE;NO_POST_QUIZ_INTERVENTION,ATTENDANCE_FOLLOW_UP,Medium,2025-10-14,10,Confirm attendance for the next session and note the reason for the gap.,6,-0.9047619047619051,-0.380952380952381,41.2,52.9,25.0
S023,Hassan Al-Dossari,C01,facilitator2@noon.com,10,Standard,88.0,90.0,2.0,True,56.0,High,49.4,1.0,23.0,LOW_ENGAGEMENT;NEGATIVE_TRAJECTORY;UNRESOLVED_FOLLOW_UP,ACUTE_ATTENDANCE_DROP;PRACTICE_COLLAPSE;UNRESOLVED_FOLLOW_UP,PARENT_CALL,High,2025-10-14,15,"Call the parent today; if unreachable, send WhatsApp and try again within 24h.",6,-59.23809523809524,-15.904761904761905,96.4,3.6,22.5
S024,Amal Al-Mutlaq,C01,facilitator2@noon.com,11,Standard,62.0,70.0,8.0,True,20.2,Low,19.4,1.0,16.0,UNRESOLVED_FOLLOW_UP,UNRESOLVED_FOLLOW_UP,STUDENT_CHECK_IN,Low,2025-10-15,10,Have a short 1:1 chat before/after the next session to understand the barrier.,6,0.0,-3.333333333333332,14.4,6.8,98.3
S025,Yousef Al-Harbi,C01,facilitator2@noon.com,10,Standard,84.0,86.0,2.0,True,12.9,Low,13.5,1.0,16.0,NO_DOCUMENTED_INTERVENTION,STABLE_HEALTHY_BEHAVIOR;NO_POST_QUIZ_INTERVENTION,MOTIVATIONAL_MESSAGE,Low,2025-10-15,5,Send a short motivational nudge; no heavy intervention needed.,6,0.095238095238102,-1.6666666666666679,68.8,54.3,52.2
S026,Layla Al-Thani,C01,facilitator2@noon.com,11,Accelerated,89.0,91.0,2.0,True,11.2,Low,12.2,1.0,16.0,NO_DOCUMENTED_INTERVENTION,STABLE_HEALTHY_BEHAVIOR;NO_POST_QUIZ_INTERVENTION,MOTIVATIONAL_MESSAGE,Low,2025-10-15,5,Send a short motivational nudge; no heavy intervention needed.,6,0.7142857142857082,-1.3333333333333321,93.8,92.2,86.8
S027,Ahmad Al-Salem,C01,facilitator2@noon.com,10,Remedial,40.0,48.0,8.0,True,52.8,High,46.8,1.0,23.0,LOW_ENGAGEMENT;SEVERE_NOTE_CONCERN;NO_DOCUMENTED_INTERVENTION,CHRONIC_LOW_ATTENDANCE;NO_POST_QUIZ_INTERVENTION;UNRESOLVED_FOLLOW_UP,ATTENDANCE_FOLLOW_UP,High,2025-10-14,10,Confirm attendance for the next session and note the reason for the gap.,6,-0.4761904761904816,-0.5238095238095237,66.7,70.8,66.7
S028,Fatima Al-Mansour,C01,facilitator2@noon.com,11,Standard,86.0,88.0,2.0,True,48.8,Medium,42.8,1.0,19.0,NEGATIVE_TRAJECTORY;UNRESOLVED_FOLLOW_UP,ACUTE_ATTENDANCE_DROP;PRACTICE_COLLAPSE;UNRESOLVED_FOLLOW_UP,ATTENDANCE_FOLLOW_UP,Medium,2025-10-14,10,Confirm attendance for the next session and note the reason for the gap.,6,-42.57142857142857,-13.666666666666668,83.1,3.4,15.3
S029,Omar Al-Zahrani,C01,facilitator2@noon.com,10,Standard,68.0,72.0,4.0,True,19.0,Low,18.4,1.0,16.0,NO_DOCUMENTED_INTERVENTION,STABLE_HEALTHY_BEHAVIOR;NO_POST_QUIZ_INTERVENTION,MOTIVATIONAL_MESSAGE,Low,2025-10-15,5,Send a short motivational nudge; no heavy intervention needed.,6,0.0,-0.7142857142857135,24.6,26.1,36.2
S030,Sara Al-Turki,C01,facilitator2@noon.com,11,Standard,60.0,75.0,15.0,True,34.2,Medium,31.2,1.0,19.0,MODERATE_PERFORMANCE_GAP;UNRESOLVED_FOLLOW_UP,ATTENDING_BUT_NOT_PRACTICING;UNRESOLVED_FOLLOW_UP,STUDENT_CHECK_IN,Medium,2025-10-15,10,Have a short 1:1 chat before/after the next session to understand the barrier.,6,0.7619047619047592,0.2857142857142857,9.3,73.7,11.0
S031,Khalid Al-Rashidi,C01,facilitator2@noon.com,10,Standard,83.0,85.0,2.0,True,12.9,Low,13.5,1.0,16.0,NO_DOCUMENTED_INTERVENTION,STABLE_HEALTHY_BEHAVIOR;NO_POST_QUIZ_INTERVENTION,MOTIVATIONAL_MESSAGE,Low,2025-10-15,5,Send a short motivational nudge; no heavy intervention needed.,6,0.7619047619047592,-1.6666666666666679,57.2,80.4,52.2
S032,Maryam Al-Otaibi,C01,facilitator2@noon.com,11,Accelerated,92.0,93.0,1.0,True,10.6,Low,11.7,1.0,16.0,NO_DOCUMENTED_INTERVENTION,STABLE_HEALTHY_BEHAVIOR;NO_POST_QUIZ_INTERVENTION,MOTIVATIONAL_MESSAGE,Low,2025-10-15,5,Send a short motivational nudge; no heavy intervention needed.,6,0.7142857142857082,-1.3333333333333321,99.5,92.2,94.0
S033,Abdullah Al-Saud,C01,facilitator2@noon.com,10,Remedial,30.0,38.0,8.0,True,42.0,Medium,37.4,0.9,19.0,LOW_ENGAGEMENT;NO_DOCUMENTED_INTERVENTION,CHRONIC_LOW_ATTENDANCE;NO_POST_QUIZ_INTERVENTION;DATA_QUALITY_RISK,ATTENDANCE_FOLLOW_UP,Medium,2025-10-14,10,Confirm attendance for the next session and note the reason for the gap.,6,-1.0,-0.6666666666666667,45.8,58.3,29.2
S034,Nora Al-Harbi,C01,facilitator2@noon.com,11,Standard,87.0,89.0,2.0,True,11.7,Low,12.6,1.0,16.0,NO_DOCUMENTED_INTERVENTION,STABLE_HEALTHY_BEHAVIOR;NO_POST_QUIZ_INTERVENTION,MOTIVATIONAL_MESSAGE,Low,2025-10-15,5,Send a short motivational nudge; no heavy intervention needed.,6,0.095238095238102,-1.6666666666666679,92.4,46.6,78.8
S035,Hassan Al-Qahtani,C01,facilitator2@noon.com,10,Remedial,57.0,65.0,8.0,True,20.6,Low,19.7,0.9,16.0,NO_DOCUMENTED_INTERVENTION,NO_POST_QUIZ_INTERVENTION;DATA_QUALITY_RISK,MOTIVATIONAL_MESSAGE,Low,2025-10-15,5,Send a short motivational nudge; no heavy intervention needed.,6,1.5238095238095184,-2.80952380952381,95.8,85.4,95.8
S036,Amal Al-Khalifa,C01,facilitator2@noon.com,11,Standard,85.0,87.0,2.0,True,12.9,Low,13.5,1.0,16.0,NO_DOCUMENTED_INTERVENTION,STABLE_HEALTHY_BEHAVIOR;NO_POST_QUIZ_INTERVENTION,MOTIVATIONAL_MESSAGE,Low,2025-10-15,5,Send a short motivational nudge; no heavy intervention needed.,6,0.095238095238102,-1.6666666666666679,74.6,46.6,48.3
S037,Yousef Al-Ghamdi,C01,facilitator2@noon.com,10,Standard,88.0,90.0,2.0,True,11.2,Low,12.2,1.0,16.0,NO_DOCUMENTED_INTERVENTION,STABLE_HEALTHY_BEHAVIOR;NO_POST_QUIZ_INTERVENTION,MOTIVATIONAL_MESSAGE,Low,2025-10-15,5,Send a short motivational nudge; no heavy intervention needed.,6,0.7142857142857082,-1.3333333333333321,96.4,94.2,87.7
S038,Layla Al-Shammari,C01,facilitator2@noon.com,11,Remedial,35.0,42.0,7.0,True,40.5,Medium,36.2,0.9,19.0,LOW_ENGAGEMENT;NO_DOCUMENTED_INTERVENTION,CHRONIC_LOW_ATTENDANCE;NO_POST_QUIZ_INTERVENTION;DATA_QUALITY_RISK,ATTENDANCE_FOLLOW_UP,Medium,2025-10-14,10,Confirm attendance for the next session and note the reason for the gap.,6,-0.9047619047619051,-1.2857142857142856,47.1,52.9,51.5
S039,Ahmad Al-Dossari,C01,facilitator2@noon.com,10,Standard,84.0,86.0,2.0,True,51.9,High,46.1,0.9,23.0,LOW_ENGAGEMENT;NEGATIVE_TRAJECTORY;NO_DOCUMENTED_INTERVENTION,ACUTE_ATTENDANCE_DROP;PRACTICE_COLLAPSE;NO_POST_QUIZ_INTERVENTION;DATA_QUALITY_RISK,PARENT_CALL,High,2025-10-14,15,"Call the parent today; if unreachable, send WhatsApp and try again within 24h.",6,-52.57142857142857,-14.333333333333332,68.8,8.7,22.5
S040,Fatima Al-Maliki,C01,facilitator2@noon.com,11,Standard,66.0,70.0,4.0,True,19.6,Low,18.9,1.0,16.0,NO_DOCUMENTED_INTERVENTION,STABLE_HEALTHY_BEHAVIOR;NO_POST_QUIZ_INTERVENTION,MOTIVATIONAL_MESSAGE,Low,2025-10-15,5,Send a short motivational nudge; no heavy intervention needed.,6,0.2857142857142918,-0.7142857142857135,26.3,18.6,31.4
S041,Omar Al-Juhani,C02,facilitator3@noon.com,10,Standard,59.0,75.0,16.0,True,35.3,Medium,32.0,1.0,19.0,MODERATE_PERFORMANCE_GAP;UNRESOLVED_FOLLOW_UP,ATTENDING_BUT_NOT_PRACTICING;UNRESOLVED_FOLLOW_UP,STUDENT_CHECK_IN,Medium,2025-10-15,10,Have a short 1:1 chat before/after the next session to understand the barrier.,6,-0.5238095238095326,-0.23809523809523808,14.5,31.2,6.5
S042,Sara Al-Balawi,C02,facilitator3@noon.com,11,Standard,82.0,84.0,2.0,True,13.4,Low,13.9,0.75,16.0,UNRESOLVED_FOLLOW_UP,STABLE_HEALTHY_BEHAVIOR;UNRESOLVED_FOLLOW_UP;DATA_QUALITY_RISK,STUDENT_CHECK_IN,Low,2025-10-15,10,Have a short 1:1 chat before/after the next session to understand the barrier.,6,5.166666666666671,1.2857142857142865,57.6,46.6,33.9
S043,Khalid Al-Subai,C02,facilitator3@noon.com,10,Standard,86.0,88.0,2.0,True,11.5,Low,12.4,1.0,16.0,NO_DOCUMENTED_INTERVENTION,STABLE_HEALTHY_BEHAVIOR;NO_POST_QUIZ_INTERVENTION,MOTIVATIONAL_MESSAGE,Low,2025-10-15,5,Send a short motivational nudge; no heavy intervention needed.,6,0.7619047619047592,-1.3333333333333321,85.5,80.4,85.5
S044,Maryam Al-Faraj,C02,facilitator3@noon.com,11,Remedial,39.0,47.0,8.0,True,53.1,High,47.1,1.0,23.0,LOW_ENGAGEMENT;SEVERE_NOTE_CONCERN;NO_DOCUMENTED_INTERVENTION,CHRONIC_LOW_ATTENDANCE;NO_POST_QUIZ_INTERVENTION;UNRESOLVED_FOLLOW_UP,ATTENDANCE_FOLLOW_UP,High,2025-10-14,10,Confirm attendance for the next session and note the reason for the gap.,6,-1.142857142857146,-1.0,52.9,60.3,58.8
S045,Abdullah Al-Khaldi,C02,facilitator3@noon.com,10,Standard,83.0,85.0,2.0,True,12.5,Low,13.2,1.0,16.0,NO_DOCUMENTED_INTERVENTION,STABLE_HEALTHY_BEHAVIOR;NO_POST_QUIZ_INTERVENTION,MOTIVATIONAL_MESSAGE,Low,2025-10-15,5,Send a short motivational nudge; no heavy intervention needed.,6,0.095238095238102,-1.0,57.2,54.3,63.8
S046,Nora Al-Anzi,C02,facilitator3@noon.com,11,Remedial,61.0,68.0,7.0,True,12.5,Low,13.2,1.0,16.0,,,MOTIVATIONAL_MESSAGE,Low,2025-10-15,5,Send a short motivational nudge; no heavy intervention needed.,6,0.0,-3.19047619047619,88.2,82.4,91.2
S047,Hassan Al-Shahrani,C02,facilitator3@noon.com,10,Standard,85.0,87.0,2.0,True,11.9,Low,12.7,1.0,16.0,NO_DOCUMENTED_INTERVENTION,STABLE_HEALTHY_BEHAVIOR;NO_POST_QUIZ_INTERVENTION,MOTIVATIONAL_MESSAGE,Low,2025-10-15,5,Send a short motivational nudge; no heavy intervention needed.,6,0.095238095238102,-1.0,79.0,54.3,69.6
S048,Amal Al-Qaisi,C02,facilitator3@noon.com,11,Accelerated,89.0,91.0,2.0,True,11.2,Low,12.2,1.0,16.0,NO_DOCUMENTED_INTERVENTION,STABLE_HEALTHY_BEHAVIOR;NO_POST_QUIZ_INTERVENTION,MOTIVATIONAL_MESSAGE,Low,2025-10-15,5,Send a short motivational nudge; no heavy intervention needed.,6,0.7142857142857082,-1.3333333333333321,93.8,92.2,86.8
S049,Yousef Al-Mutlaq,C02,facilitator3@noon.com,10,Remedial,31.0,38.0,7.0,True,41.3,Medium,36.8,0.9,19.0,LOW_ENGAGEMENT;NO_DOCUMENTED_INTERVENTION,CHRONIC_LOW_ATTENDANCE;NO_POST_QUIZ_INTERVENTION;DATA_QUALITY_RISK,ATTENDANCE_FOLLOW_UP,Medium,2025-10-14,10,Confirm attendance for the next session and note the reason for the gap.,6,-1.0,-0.380952380952381,52.1,58.3,29.2
S050,Layla Al-Thani,C02,facilitator3@noon.com,11,Standard,86.0,88.0,2.0,True,35.5,Medium,32.2,1.0,19.0,NEGATIVE_TRAJECTORY;UNRESOLVED_FOLLOW_UP,ACUTE_ATTENDANCE_DROP;UNRESOLVED_FOLLOW_UP,ATTENDANCE_FOLLOW_UP,Medium,2025-10-14,10,Confirm attendance for the next session and note the reason for the gap.,6,-34.238095238095234,-11.666666666666666,83.1,8.5,27.1
S051,Ahmad Al-Mansour,C02,facilitator3@noon.com,10,Remedial,52.0,65.0,13.0,True,26.1,Low,24.1,1.0,16.0,MODERATE_PERFORMANCE_GAP;UNRESOLVED_FOLLOW_UP,CRAMMING_PATTERN;UNRESOLVED_FOLLOW_UP,STUDY_PLANNING,Low,2025-10-16,20,Help spread practice across the remaining days instead of one burst.,6,-0.2380952380952408,11.857142857142858,83.3,100.0,100.0
S052,Fatima Al-Rashidi,C02,facilitator3@noon.com,11,Standard,84.0,86.0,2.0,True,12.9,Low,13.5,1.0,16.0,NO_DOCUMENTED_INTERVENTION,STABLE_HEALTHY_BEHAVIOR;NO_POST_QUIZ_INTERVENTION,MOTIVATIONAL_MESSAGE,Low,2025-10-15,5,Send a short motivational nudge; no heavy intervention needed.,6,0.7619047619047592,-1.6666666666666679,68.6,73.7,48.3
S053,Omar Al-Saud,C02,facilitator3@noon.com,10,Accelerated,91.0,93.0,2.0,True,11.2,Low,12.2,1.0,16.0,NO_DOCUMENTED_INTERVENTION,STABLE_HEALTHY_BEHAVIOR;NO_POST_QUIZ_INTERVENTION,MOTIVATIONAL_MESSAGE,Low,2025-10-15,5,Send a short motivational nudge; no heavy intervention needed.,6,0.7142857142857082,-1.3333333333333321,98.0,92.2,94.0
S054,Sara Al-Khalifa,C02,facilitator3@noon.com,11,Remedial,36.0,43.0,7.0,True,40.5,Medium,36.2,0.9,19.0,LOW_ENGAGEMENT;NO_DOCUMENTED_INTERVENTION,CHRONIC_LOW_ATTENDANCE;NO_POST_QUIZ_INTERVENTION;DATA_QUALITY_RISK,ATTENDANCE_FOLLOW_UP,Medium,2025-10-14,10,Confirm attendance for the next session and note the reason for the gap.,6,-0.9047619047619051,-1.2857142857142856,50.0,52.9,51.5
S055,Khalid Al-Salem,C02,facilitator3@noon.com,10,Standard,85.0,87.0,2.0,True,11.9,Low,12.7,1.0,16.0,NO_DOCUMENTED_INTERVENTION,STABLE_HEALTHY_BEHAVIOR;NO_POST_QUIZ_INTERVENTION,MOTIVATIONAL_MESSAGE,Low,2025-10-15,5,Send a short motivational nudge; no heavy intervention needed.,6,0.095238095238102,-1.0,79.0,54.3,69.6
S056,Maryam Al-Harbi,C02,facilitator3@noon.com,11,Standard,67.0,71.0,4.0,True,20.2,Low,19.4,1.0,16.0,NO_DOCUMENTED_INTERVENTION,NO_POST_QUIZ_INTERVENTION,MOTIVATIONAL_MESSAGE,Low,2025-10-15,5,Send a short motivational nudge; no heavy intervention needed.,6,0.0,-0.7142857142857135,28.8,18.6,23.7
S057,Abdullah Al-Mutairi,C02,facilitator3@noon.com,10,Standard,61.0,75.0,14.0,True,30.6,Medium,28.3,0.9,19.0,MODERATE_PERFORMANCE_GAP;NO_DOCUMENTED_INTERVENTION,ATTENDING_BUT_NOT_PRACTICING;NO_POST_QUIZ_INTERVENTION;DATA_QUALITY_RISK,STUDENT_CHECK_IN,Medium,2025-10-15,10,Have a short 1:1 chat before/after the next session to understand the barrier.,6,0.7619047619047592,0.2857142857142857,19.6,80.4,13.0
S058,Nora Al-Dossari,C02,facilitator3@noon.com,11,Remedial,70.0,75.0,5.0,True,16.4,Low,16.3,0.9,16.0,NO_DOCUMENTED_INTERVENTION,RECOVERY_TRAJECTORY;STABLE_HEALTHY_BEHAVIOR;NO_POST_QUIZ_INTERVENTION;DATA_QUALITY_RISK,POSITIVE_REINFORCEMENT,Low,2025-10-16,5,Acknowledge the improvement; keep momentum with light encouragement.,6,11.23809523809524,7.428571428571429,91.2,97.1,88.2
S059,Hassan Al-Zahrani,C02,facilitator3@noon.com,10,Standard,83.0,85.0,2.0,True,12.9,Low,13.5,1.0,16.0,NO_DOCUMENTED_INTERVENTION,STABLE_HEALTHY_BEHAVIOR;NO_POST_QUIZ_INTERVENTION,MOTIVATIONAL_MESSAGE,Low,2025-10-15,5,Send a short motivational nudge; no heavy intervention needed.,6,0.7619047619047592,-1.6666666666666679,57.2,80.4,52.2
S060,Amal Al-Otaibi,C02,facilitator3@noon.com,11,Accelerated,90.0,92.0,2.0,True,11.2,Low,12.2,1.0,16.0,NO_DOCUMENTED_INTERVENTION,STABLE_HEALTHY_BEHAVIOR;NO_POST_QUIZ_INTERVENTION,MOTIVATIONAL_MESSAGE,Low,2025-10-15,5,Send a short motivational nudge; no heavy intervention needed.,6,0.7142857142857082,-1.3333333333333321,96.2,92.2,86.8
S061,Yousef Al-Juhani,C02,facilitator3@noon.com,10,Remedial,29.0,35.0,6.0,True,41.2,Medium,36.8,0.9,19.0,LOW_ENGAGEMENT;NO_DOCUMENTED_INTERVENTION,CHRONIC_LOW_ATTENDANCE;NO_POST_QUIZ_INTERVENTION;DATA_QUALITY_RISK,ATTENDANCE_FOLLOW_UP,Medium,2025-10-14,10,Confirm attendance for the next session and note the reason for the gap.,6,-1.2380952380952337,-0.6666666666666667,41.7,50.0,29.2
S062,Layla Al-Balawi,C02,facilitator3@noon.com,11,Standard,87.0,89.0,2.0,True,11.7,Low,12.6,1.0,16.0,NO_DOCUMENTED_INTERVENTION,STABLE_HEALTHY_BEHAVIOR;NO_POST_QUIZ_INTERVENTION,MOTIVATIONAL_MESSAGE,Low,2025-10-15,5,Send a short motivational nudge; no heavy intervention needed.,6,0.095238095238102,-1.6666666666666679,92.4,46.6,78.8
S063,Ahmad Al-Subai,C02,facilitator3@noon.com,10,Remedial,56.0,63.0,7.0,True,21.2,Low,20.2,0.9,16.0,NO_DOCUMENTED_INTERVENTION,NO_POST_QUIZ_INTERVENTION;DATA_QUALITY_RISK,MOTIVATIONAL_MESSAGE,Low,2025-10-15,5,Send a short motivational nudge; no heavy intervention needed.,6,1.5238095238095184,-2.80952380952381,91.7,85.4,87.5
S064,Fatima Al-Faraj,C02,facilitator3@noon.com,11,Standard,84.0,86.0,2.0,True,12.9,Low,13.5,1.0,16.0,NO_DOCUMENTED_INTERVENTION,STABLE_HEALTHY_BEHAVIOR;NO_POST_QUIZ_INTERVENTION,MOTIVATIONAL_MESSAGE,Low,2025-10-15,5,Send a short motivational nudge; no heavy intervention needed.,6,0.095238095238102,-1.6666666666666679,68.6,46.6,48.3
S065,Omar Al-Khaldi,C02,facilitator3@noon.com,10,Standard,88.0,90.0,2.0,True,11.2,Low,12.2,1.0,16.0,NO_DOCUMENTED_INTERVENTION,STABLE_HEALTHY_BEHAVIOR;NO_POST_QUIZ_INTERVENTION,MOTIVATIONAL_MESSAGE,Low,2025-10-15,5,Send a short motivational nudge; no heavy intervention needed.,6,0.7142857142857082,-1.3333333333333321,96.4,94.2,87.7
S066,Sara Al-Anzi,C02,facilitator3@noon.com,11,Remedial,34.0,40.0,6.0,True,40.3,Medium,36.0,0.9,19.0,LOW_ENGAGEMENT;NO_DOCUMENTED_INTERVENTION,CHRONIC_LOW_ATTENDANCE;NO_POST_QUIZ_INTERVENTION;DATA_QUALITY_RISK,ATTENDANCE_FOLLOW_UP,Medium,2025-10-14,10,Confirm attendance for the next session and note the reason for the gap.,6,-1.0,-1.4285714285714284,44.1,47.1,51.5
S067,Khalid Al-Shahrani,C02,facilitator3@noon.com,10,Standard,86.0,88.0,2.0,True,49.4,Medium,43.3,0.9,19.0,NEGATIVE_TRAJECTORY;NO_DOCUMENTED_INTERVENTION,ACUTE_ATTENDANCE_DROP;PRACTICE_COLLAPSE;NO_POST_QUIZ_INTERVENTION;DATA_QUALITY_RISK,ATTENDANCE_FOLLOW_UP,Medium,2025-10-14,10,Confirm attendance for the next session and note the reason for the gap.,6,-44.238095238095234,-12.666666666666668,85.5,14.5,29.0
S068,Maryam Al-Qaisi,C02,facilitator3@noon.com,11,Standard,65.0,69.0,4.0,True,20.0,Low,19.2,1.0,16.0,NO_DOCUMENTED_INTERVENTION,NO_POST_QUIZ_INTERVENTION,MOTIVATIONAL_MESSAGE,Low,2025-10-15,5,Send a short motivational nudge; no heavy intervention needed.,6,0.2857142857142918,-0.23809523809523725,22.9,18.6,27.1
S069,Abdullah Al-Mutlaq,C02,facilitator3@noon.com,10,Standard,58.0,73.0,15.0,True,31.7,Medium,29.2,0.9,19.0,MODERATE_PERFORMANCE_GAP;NO_DOCUMENTED_INTERVENTION,ATTENDING_BUT_NOT_PRACTICING;NO_POST_QUIZ_INTERVENTION;DATA_QUALITY_RISK,STUDENT_CHECK_IN,Medium,2025-10-15,10,Have a short 1:1 chat before/after the next session to understand the barrier.,6,-0.5238095238095326,-0.23809523809523808,8.7,31.2,6.5
S070,Nora Al-Thani,C02,facilitator3@noon.com,11,Remedial,72.0,78.0,6.0,True,15.5,Low,15.6,0.9,16.0,NO_DOCUMENTED_INTERVENTION,STABLE_HEALTHY_BEHAVIOR;NO_POST_QUIZ_INTERVENTION;DATA_QUALITY_RISK,MOTIVATIONAL_MESSAGE,Low,2025-10-15,5,Send a short motivational nudge; no heavy intervention needed.,6,11.476190476190474,6.285714285714285,94.1,91.2,94.1
S071,Hassan Al-Mansour,C02,facilitator3@noon.com,10,Standard,82.0,84.0,2.0,True,12.9,Low,13.5,1.0,16.0,NO_DOCUMENTED_INTERVENTION,STABLE_HEALTHY_BEHAVIOR;NO_POST_QUIZ_INTERVENTION,MOTIVATIONAL_MESSAGE,Low,2025-10-15,5,Send a short motivational nudge; no heavy intervention needed.,6,0.7619047619047592,-1.6666666666666679,49.3,80.4,52.2
S072,Amal Al-Rashidi,C02,facilitator3@noon.com,11,Accelerated,91.0,93.0,2.0,True,11.2,Low,12.2,1.0,16.0,NO_DOCUMENTED_INTERVENTION,STABLE_HEALTHY_BEHAVIOR;NO_POST_QUIZ_INTERVENTION,MOTIVATIONAL_MESSAGE,Low,2025-10-15,5,Send a short motivational nudge; no heavy intervention needed.,6,0.7142857142857082,-1.3333333333333321,98.0,92.2,94.0
S073,Yousef Al-Saud,C02,facilitator3@noon.com,10,Remedial,27.0,32.0,5.0,True,40.9,Medium,36.5,0.9,19.0,LOW_ENGAGEMENT;NO_DOCUMENTED_INTERVENTION,CHRONIC_LOW_ATTENDANCE;NO_POST_QUIZ_INTERVENTION;DATA_QUALITY_RISK,ATTENDANCE_FOLLOW_UP,Medium,2025-10-14,10,Confirm attendance for the next session and note the reason for the gap.,6,-1.1428571428571423,-0.380952380952381,35.4,41.7,29.2
S074,Layla Al-Khalifa,C02,facilitator3@noon.com,11,Standard,86.0,88.0,2.0,True,11.7,Low,12.6,1.0,16.0,NO_DOCUMENTED_INTERVENTION,STABLE_HEALTHY_BEHAVIOR;NO_POST_QUIZ_INTERVENTION,MOTIVATIONAL_MESSAGE,Low,2025-10-15,5,Send a short motivational nudge; no heavy intervention needed.,6,0.095238095238102,-1.6666666666666679,83.1,46.6,78.8
S075,Ahmad Al-Ghamdi,C02,facilitator3@noon.com,10,Remedial,54.0,61.0,7.0,True,22.9,Low,21.5,0.9,16.0,NO_DOCUMENTED_INTERVENTION,NO_POST_QUIZ_INTERVENTION;DATA_QUALITY_RISK,MOTIVATIONAL_MESSAGE,Low,2025-10-15,5,Send a short motivational nudge; no heavy intervention needed.,6,1.5714285714285694,-2.666666666666666,87.5,79.2,83.3
S076,Fatima Al-Harbi,C03,facilitator4@noon.com,11,Standard,84.0,86.0,2.0,True,5.9,Low,7.9,1.0,16.0,,STABLE_HEALTHY_BEHAVIOR,MOTIVATIONAL_MESSAGE,Low,2025-10-15,5,Send a short motivational nudge; no heavy intervention needed.,6,0.095238095238102,-1.6666666666666679,68.6,46.6,48.3
S077,Omar Al-Qahtani,C03,facilitator4@noon.com,10,Accelerated,89.0,91.0,2.0,True,11.2,Low,12.2,1.0,16.0,NO_DOCUMENTED_INTERVENTION,STABLE_HEALTHY_BEHAVIOR;NO_POST_QUIZ_INTERVENTION,MOTIVATIONAL_MESSAGE,Low,2025-10-15,5,Send a short motivational nudge; no heavy intervention needed.,6,0.7142857142857082,-1.3333333333333321,93.8,92.2,86.8
S078,Sara Al-Shammari,C03,facilitator4@noon.com,11,Remedial,30.0,36.0,6.0,True,41.2,Medium,36.8,0.9,19.0,LOW_ENGAGEMENT;NO_DOCUMENTED_INTERVENTION,CHRONIC_LOW_ATTENDANCE;NO_POST_QUIZ_INTERVENTION;DATA_QUALITY_RISK,ATTENDANCE_FOLLOW_UP,Medium,2025-10-14,10,Confirm attendance for the next session and note the reason for the gap.,6,-1.2380952380952337,-0.6666666666666667,38.2,44.1,25.0
S079,Khalid Al-Zahrani,C03,facilitator4@noon.com,10,Standard,85.0,87.0,2.0,True,11.9,Low,12.7,1.0,16.0,NO_DOCUMENTED_INTERVENTION,STABLE_HEALTHY_BEHAVIOR;NO_POST_QUIZ_INTERVENTION,MOTIVATIONAL_MESSAGE,Low,2025-10-15,5,Send a short motivational nudge; no heavy intervention needed.,6,0.095238095238102,-1.0,79.0,54.3,69.6
S080,Maryam Al-Maliki,C03,facilitator4@noon.com,11,Standard,64.0,68.0,4.0,True,21.0,Low,20.0,1.0,16.0,NO_DOCUMENTED_INTERVENTION,NO_POST_QUIZ_INTERVENTION,MOTIVATIONAL_MESSAGE,Low,2025-10-15,5,Send a short motivational nudge; no heavy intervention needed.,6,0.3809523809523796,-0.23809523809523725,19.5,13.6,21.2
S081,Abdullah Al-Otaibi,C03,facilitator4@noon.com,10,Standard,60.0,75.0,15.0,True,23.3,Low,21.8,0.9,16.0,MODERATE_PERFORMANCE_GAP;NO_DOCUMENTED_INTERVENTION,RECOVERY_TRAJECTORY;NO_POST_QUIZ_INTERVENTION;DATA_QUALITY_RISK,POSITIVE_REINFORCEMENT,Low,2025-10-16,5,Acknowledge the improvement; keep momentum with light encouragement.,6,0.7619047619047592,12.952380952380953,17.4,80.4,37.7
S082,Nora Al-Juhani,C03,facilitator4@noon.com,11,Standard,83.0,85.0,2.0,True,12.9,Low,13.5,1.0,16.0,NO_DOCUMENTED_INTERVENTION,STABLE_HEALTHY_BEHAVIOR;NO_POST_QUIZ_INTERVENTION,MOTIVATIONAL_MESSAGE,Low,2025-10-15,5,Send a short motivational nudge; no heavy intervention needed.,6,0.7619047619047592,-1.6666666666666679,63.6,73.7,48.3
S083,Hassan Al-Balawi,C03,facilitator4@noon.com,10,Accelerated,90.0,92.0,2.0,True,11.2,Low,12.2,1.0,16.0,NO_DOCUMENTED_INTERVENTION,STABLE_HEALTHY_BEHAVIOR;NO_POST_QUIZ_INTERVENTION,MOTIVATIONAL_MESSAGE,Low,2025-10-15,5,Send a short motivational nudge; no heavy intervention needed.,6,0.7142857142857082,-1.3333333333333321,96.2,92.2,94.0
S084,Amal Al-Subai,C03,facilitator4@noon.com,11,Remedial,26.0,30.0,4.0,True,40.7,Medium,36.4,0.9,19.0,LOW_ENGAGEMENT;NO_DOCUMENTED_INTERVENTION,CHRONIC_LOW_ATTENDANCE;NO_POST_QUIZ_INTERVENTION;DATA_QUALITY_RISK,ATTENDANCE_FOLLOW_UP,Medium,2025-10-14,10,Confirm attendance for the next session and note the reason for the gap.,6,-0.9047619047619051,-0.380952380952381,26.5,35.3,25.0
S085,Yousef Al-Faraj,C03,facilitator4@noon.com,10,Standard,87.0,89.0,2.0,True,11.7,Low,12.6,1.0,16.0,NO_DOCUMENTED_INTERVENTION,STABLE_HEALTHY_BEHAVIOR;NO_POST_QUIZ_INTERVENTION,MOTIVATIONAL_MESSAGE,Low,2025-10-15,5,Send a short motivational nudge; no heavy intervention needed.,6,0.095238095238102,-1.6666666666666679,90.6,54.3,79.7
S086,Layla Al-Khaldi,C03,facilitator4@noon.com,11,Remedial,53.0,60.0,7.0,True,32.6,Medium,29.9,0.9,19.0,NO_DOCUMENTED_INTERVENTION,CHRONIC_LOW_ATTENDANCE;NO_POST_QUIZ_INTERVENTION;DATA_QUALITY_RISK,ATTENDANCE_FOLLOW_UP,Medium,2025-10-14,10,Confirm attendance for the next session and note the reason for the gap.,6,1.1904761904761898,-2.666666666666666,70.6,66.2,80.9
S087,Ahmad Al-Anzi,C03,facilitator4@noon.com,10,Standard,84.0,86.0,2.0,True,12.9,Low,13.5,1.0,16.0,NO_DOCUMENTED_INTERVENTION,STABLE_HEALTHY_BEHAVIOR;NO_POST_QUIZ_INTERVENTION,MOTIVATIONAL_MESSAGE,Low,2025-10-15,5,Send a short motivational nudge; no heavy intervention needed.,6,0.095238095238102,-1.6666666666666679,68.8,54.3,52.2
S088,Fatima Al-Shahrani,C03,facilitator4@noon.com,11,Standard,88.0,90.0,2.0,True,11.2,Low,12.2,1.0,16.0,NO_DOCUMENTED_INTERVENTION,STABLE_HEALTHY_BEHAVIOR;NO_POST_QUIZ_INTERVENTION,MOTIVATIONAL_MESSAGE,Low,2025-10-15,5,Send a short motivational nudge; no heavy intervention needed.,6,0.7142857142857082,-1.3333333333333321,98.3,92.4,83.1
S089,Omar Al-Qaisi,C03,facilitator4@noon.com,10,Remedial,33.0,40.0,7.0,True,41.8,Medium,37.2,0.9,19.0,LOW_ENGAGEMENT;NO_DOCUMENTED_INTERVENTION,CHRONIC_LOW_ATTENDANCE;NO_POST_QUIZ_INTERVENTION;DATA_QUALITY_RISK,ATTENDANCE_FOLLOW_UP,Medium,2025-10-14,10,Confirm attendance for the next session and note the reason for the gap.,6,-1.1428571428571423,-0.8571428571428572,58.3,41.7,58.3
S090,Sara Al-Mutlaq,C03,facilitator4@noon.com,11,Standard,86.0,88.0,2.0,True,11.9,Low,12.7,1.0,16.0,NO_DOCUMENTED_INTERVENTION,STABLE_HEALTHY_BEHAVIOR;NO_POST_QUIZ_INTERVENTION,MOTIVATIONAL_MESSAGE,Low,2025-10-15,5,Send a short motivational nudge; no heavy intervention needed.,6,0.095238095238102,-1.0,83.1,46.6,68.6
S091,Khalid Al-Thani,C03,facilitator4@noon.com,10,Remedial,48.0,65.0,17.0,True,69.0,High,59.8,0.9,23.0,MODERATE_PERFORMANCE_GAP;LOW_ENGAGEMENT;NEGATIVE_TRAJECTORY;NO_DOCUMENTED_INTERVENTION,ACUTE_ATTENDANCE_DROP;PRACTICE_COLLAPSE;NO_POST_QUIZ_INTERVENTION;DATA_QUALITY_RISK,PARENT_CALL,High,2025-10-14,15,"Call the parent today; if unreachable, send WhatsApp and try again within 24h.",6,-49.238095238095234,-11.809523809523808,75.0,8.3,29.2
S092,Maryam Al-Mansour,C03,facilitator4@noon.com,11,Standard,63.0,67.0,4.0,True,22.1,Low,20.9,1.0,16.0,NO_DOCUMENTED_INTERVENTION,NO_POST_QUIZ_INTERVENTION,MOTIVATIONAL_MESSAGE,Low,2025-10-15,5,Send a short motivational nudge; no heavy intervention needed.,6,0.4285714285714306,-0.23809523809523814,16.9,11.0,16.9
S093,Abdullah Al-Rashidi,C03,facilitator4@noon.com,10,Standard,57.0,72.0,15.0,True,31.7,Medium,29.2,0.9,19.0,MODERATE_PERFORMANCE_GAP;NO_DOCUMENTED_INTERVENTION,ATTENDING_BUT_NOT_PRACTICING;NO_POST_QUIZ_INTERVENTION;DATA_QUALITY_RISK,STUDENT_CHECK_IN,Medium,2025-10-15,10,Have a short 1:1 chat before/after the next session to understand the barrier.,6,-0.5238095238095326,-0.23809523809523808,3.6,31.2,6.5
S094,Nora Al-Saud,C03,facilitator4@noon.com,11,Standard,82.0,84.0,2.0,True,12.9,Low,13.5,1.0,16.0,NO_DOCUMENTED_INTERVENTION,STABLE_HEALTHY_BEHAVIOR;NO_POST_QUIZ_INTERVENTION,MOTIVATIONAL_MESSAGE,Low,2025-10-15,5,Send a short motivational nudge; no heavy intervention needed.,6,0.7619047619047592,-1.6666666666666679,57.6,73.7,48.3
S095,Hassan Al-Khalifa,C03,facilitator4@noon.com,10,Accelerated,89.0,91.0,2.0,True,11.2,Low,12.2,1.0,16.0,NO_DOCUMENTED_INTERVENTION,STABLE_HEALTHY_BEHAVIOR;NO_POST_QUIZ_INTERVENTION,MOTIVATIONAL_MESSAGE,Low,2025-10-15,5,Send a short motivational nudge; no heavy intervention needed.,6,0.7142857142857082,-1.3333333333333321,93.8,92.2,94.0
S096,Amal Al-Salem,C03,facilitator4@noon.com,11,Remedial,24.0,28.0,4.0,True,41.1,Medium,36.7,0.9,19.0,LOW_ENGAGEMENT;NO_DOCUMENTED_INTERVENTION,CHRONIC_LOW_ATTENDANCE;NO_POST_QUIZ_INTERVENTION;DATA_QUALITY_RISK,ATTENDANCE_FOLLOW_UP,Medium,2025-10-14,10,Confirm attendance for the next session and note the reason for the gap.,6,-1.0,-0.380952380952381,20.6,27.9,25.0
S097,Yousef Al-Harbi,C03,facilitator4@noon.com,10,Standard,85.0,87.0,2.0,True,11.7,Low,12.6,1.0,16.0,NO_DOCUMENTED_INTERVENTION,STABLE_HEALTHY_BEHAVIOR;NO_POST_QUIZ_INTERVENTION,MOTIVATIONAL_MESSAGE,Low,2025-10-15,5,Send a short motivational nudge; no heavy intervention needed.,6,0.095238095238102,-1.6666666666666679,79.0,54.3,79.7
S098,Layla Al-Mutairi,C03,facilitator5@noon.com,11,Remedial,92.0,95.0,3.0,True,6.5,Low,8.4,1.0,16.0,,,MOTIVATIONAL_MESSAGE,Low,2025-10-15,5,Send a short motivational nudge; no heavy intervention needed.,6,11.0,13.428571428571427,100.0,94.1,98.5
S099,Ahmad Al-Dossari,C03,facilitator5@noon.com,10,Standard,83.0,85.0,2.0,True,12.9,Low,13.5,1.0,16.0,NO_DOCUMENTED_INTERVENTION,STABLE_HEALTHY_BEHAVIOR;NO_POST_QUIZ_INTERVENTION,MOTIVATIONAL_MESSAGE,Low,2025-10-15,5,Send a short motivational nudge; no heavy intervention needed.,6,0.095238095238102,-1.6666666666666679,57.2,54.3,52.2
S100,Fatima Al-Ghamdi,C03,facilitator5@noon.com,11,Standard,88.0,90.0,2.0,True,11.2,Low,12.2,1.0,16.0,NO_DOCUMENTED_INTERVENTION,STABLE_HEALTHY_BEHAVIOR;NO_POST_QUIZ_INTERVENTION,MOTIVATIONAL_MESSAGE,Low,2025-10-15,5,Send a short motivational nudge; no heavy intervention needed.,6,0.7142857142857082,-1.3333333333333321,98.3,92.4,89.8
S101,Omar Al-Qahtani,C03,facilitator5@noon.com,10,Standard,84.0,86.0,2.0,True,61.6,High,53.9,1.0,23.0,LOW_ENGAGEMENT;NEGATIVE_TRAJECTORY;SEVERE_NOTE_CONCERN;UNRESOLVED_FOLLOW_UP,ACUTE_ATTENDANCE_DROP;PRACTICE_COLLAPSE;UNRESOLVED_FOLLOW_UP,PARENT_CALL,High,2025-10-14,15,"Call the parent today; if unreachable, send WhatsApp and try again within 24h.",6,-59.23809523809524,-14.333333333333332,68.8,3.6,15.9
S102,Sara Al-Shammari,C03,facilitator5@noon.com,11,Remedial,41.0,48.0,7.0,True,38.9,Medium,34.9,0.9,19.0,LOW_ENGAGEMENT;NO_DOCUMENTED_INTERVENTION,CHRONIC_LOW_ATTENDANCE;NO_POST_QUIZ_INTERVENTION;DATA_QUALITY_RISK,ATTENDANCE_FOLLOW_UP,Medium,2025-10-14,10,Confirm attendance for the next session and note the reason for the gap.,6,0.047619047619051,-1.6666666666666665,55.9,66.2,61.8
S103,Khalid Al-Zahrani,C03,facilitator5@noon.com,10,Standard,86.0,88.0,2.0,True,11.9,Low,12.7,1.0,16.0,NO_DOCUMENTED_INTERVENTION,STABLE_HEALTHY_BEHAVIOR;NO_POST_QUIZ_INTERVENTION,MOTIVATIONAL_MESSAGE,Low,2025-10-15,5,Send a short motivational nudge; no heavy intervention needed.,6,0.095238095238102,-1.0,85.5,54.3,69.6
S104,Maryam Al-Maliki,C03,facilitator5@noon.com,11,Standard,66.0,70.0,4.0,True,20.0,Low,19.2,1.0,16.0,NO_DOCUMENTED_INTERVENTION,NO_POST_QUIZ_INTERVENTION,MOTIVATIONAL_MESSAGE,Low,2025-10-15,5,Send a short motivational nudge; no heavy intervention needed.,6,0.2857142857142918,-0.23809523809523725,26.3,18.6,27.1
S105,Abdullah Al-Otaibi,C03,facilitator5@noon.com,10,Standard,59.0,74.0,15.0,True,31.7,Medium,29.2,0.9,19.0,MODERATE_PERFORMANCE_GAP;NO_DOCUMENTED_INTERVENTION,ATTENDING_BUT_NOT_PRACTICING;NO_POST_QUIZ_INTERVENTION;DATA_QUALITY_RISK,STUDENT_CHECK_IN,Medium,2025-10-15,10,Have a short 1:1 chat before/after the next session to understand the barrier.,6,-0.5238095238095326,-0.23809523809523808,14.5,31.2,6.5
S106,Nora Al-Juhani,C03,facilitator5@noon.com,11,Standard,81.0,83.0,2.0,True,12.9,Low,13.5,1.0,16.0,NO_DOCUMENTED_INTERVENTION,STABLE_HEALTHY_BEHAVIOR;NO_POST_QUIZ_INTERVENTION,MOTIVATIONAL_MESSAGE,Low,2025-10-15,5,Send a short motivational nudge; no heavy intervention needed.,6,0.7619047619047592,-1.6666666666666679,50.8,73.7,48.3
S107,Hassan Al-Balawi,C03,facilitator5@noon.com,10,Accelerated,90.0,92.0,2.0,True,11.2,Low,12.2,1.0,16.0,NO_DOCUMENTED_INTERVENTION,STABLE_HEALTHY_BEHAVIOR;NO_POST_QUIZ_INTERVENTION,MOTIVATIONAL_MESSAGE,Low,2025-10-15,5,Send a short motivational nudge; no heavy intervention needed.,6,0.7142857142857082,-1.3333333333333321,96.2,92.2,94.0
S108,Amal Al-Subai,C03,facilitator5@noon.com,11,Remedial,28.0,33.0,5.0,True,41.3,Medium,36.8,0.9,19.0,LOW_ENGAGEMENT;NO_DOCUMENTED_INTERVENTION,CHRONIC_LOW_ATTENDANCE;NO_POST_QUIZ_INTERVENTION;DATA_QUALITY_RISK,ATTENDANCE_FOLLOW_UP,Medium,2025-10-14,10,Confirm attendance for the next session and note the reason for the gap.,6,-0.9047619047619051,-0.6666666666666667,30.9,35.3,25.0
S109,Yousef Al-Faraj,C03,facilitator5@noon.com,10,Standard,84.0,86.0,2.0,True,11.7,Low,12.6,1.0,16.0,NO_DOCUMENTED_INTERVENTION,STABLE_HEALTHY_BEHAVIOR;NO_POST_QUIZ_INTERVENTION,MOTIVATIONAL_MESSAGE,Low,2025-10-15,5,Send a short motivational nudge; no heavy intervention needed.,6,0.095238095238102,-1.6666666666666679,68.8,54.3,79.7
S110,Layla Al-Khaldi,C03,facilitator5@noon.com,11,Remedial,58.0,65.0,7.0,True,23.7,Low,22.2,0.9,16.0,NO_DOCUMENTED_INTERVENTION,NO_POST_QUIZ_INTERVENTION;DATA_QUALITY_RISK,MOTIVATIONAL_MESSAGE,Low,2025-10-15,5,Send a short motivational nudge; no heavy intervention needed.,6,1.952380952380949,-2.3809523809523796,85.3,88.2,76.5
S111,Ahmad Al-Anzi,C03,facilitator5@noon.com,10,Standard,83.0,85.0,2.0,True,12.9,Low,13.5,1.0,16.0,NO_DOCUMENTED_INTERVENTION,STABLE_HEALTHY_BEHAVIOR;NO_POST_QUIZ_INTERVENTION,MOTIVATIONAL_MESSAGE,Low,2025-10-15,5,Send a short motivational nudge; no heavy intervention needed.,6,0.095238095238102,-1.6666666666666679,57.2,54.3,52.2
S112,Fatima Al-Shahrani,C03,facilitator5@noon.com,11,Standard,87.0,89.0,2.0,True,11.2,Low,12.2,1.0,16.0,NO_DOCUMENTED_INTERVENTION,STABLE_HEALTHY_BEHAVIOR;NO_POST_QUIZ_INTERVENTION,MOTIVATIONAL_MESSAGE,Low,2025-10-15,5,Send a short motivational nudge; no heavy intervention needed.,6,0.7142857142857082,-1.3333333333333321,92.4,92.4,89.8
S113,Omar Al-Qaisi,C03,facilitator5@noon.com,10,Remedial,31.0,37.0,6.0,True,41.5,Medium,37.0,0.9,19.0,LOW_ENGAGEMENT;NO_DOCUMENTED_INTERVENTION,CHRONIC_LOW_ATTENDANCE;NO_POST_QUIZ_INTERVENTION;DATA_QUALITY_RISK,ATTENDANCE_FOLLOW_UP,Medium,2025-10-14,10,Confirm attendance for the next session and note the reason for the gap.,6,-1.1428571428571423,-0.6666666666666667,52.1,41.7,29.2
S114,Sara Al-Mutlaq,C03,facilitator5@noon.com,11,Standard,85.0,87.0,2.0,True,11.9,Low,12.7,1.0,16.0,NO_DOCUMENTED_INTERVENTION,STABLE_HEALTHY_BEHAVIOR;NO_POST_QUIZ_INTERVENTION,MOTIVATIONAL_MESSAGE,Low,2025-10-15,5,Send a short motivational nudge; no heavy intervention needed.,6,0.095238095238102,-1.0,74.6,46.6,68.6
S115,Khalid Al-Thani,C03,facilitator5@noon.com,10,Standard,65.0,69.0,4.0,True,21.0,Low,20.0,1.0,16.0,NO_DOCUMENTED_INTERVENTION,NO_POST_QUIZ_INTERVENTION,MOTIVATIONAL_MESSAGE,Low,2025-10-15,5,Send a short motivational nudge; no heavy intervention needed.,6,0.3809523809523796,-0.23809523809523725,23.2,24.6,31.9
S116,Maryam Al-Mansour,C03,facilitator5@noon.com,11,Standard,61.0,76.0,15.0,True,31.2,Medium,28.8,0.9,19.0,MODERATE_PERFORMANCE_GAP;NO_DOCUMENTED_INTERVENTION,ATTENDING_BUT_NOT_PRACTICING;NO_POST_QUIZ_INTERVENTION;DATA_QUALITY_RISK,STUDENT_CHECK_IN,Medium,2025-10-15,10,Have a short 1:1 chat before/after the next session to understand the barrier.,6,0.7619047619047592,0.2857142857142857,11.9,73.7,11.0
S117,Abdullah Al-Rashidi,C03,facilitator5@noon.com,10,Standard,82.0,84.0,2.0,True,50.6,High,45.1,0.9,23.0,NEGATIVE_TRAJECTORY;NO_DOCUMENTED_INTERVENTION,ACUTE_ATTENDANCE_DROP;PRACTICE_COLLAPSE;NO_POST_QUIZ_INTERVENTION;DATA_QUALITY_RISK,PARENT_CALL,High,2025-10-14,15,"Call the parent today; if unreachable, send WhatsApp and try again within 24h.",6,-47.57142857142857,-12.666666666666668,49.3,10.9,25.4
S118,Nora Al-Saud,C04,facilitator6@noon.com,11,Standard,81.0,83.0,2.0,True,12.9,Low,13.5,1.0,16.0,NO_DOCUMENTED_INTERVENTION,STABLE_HEALTHY_BEHAVIOR;NO_POST_QUIZ_INTERVENTION,MOTIVATIONAL_MESSAGE,Low,2025-10-15,5,Send a short motivational nudge; no heavy intervention needed.,6,0.7619047619047592,-1.6666666666666679,50.8,73.7,48.3
S119,Hassan Al-Khalifa,C04,facilitator6@noon.com,10,Accelerated,89.0,91.0,2.0,True,11.2,Low,12.2,1.0,16.0,NO_DOCUMENTED_INTERVENTION,STABLE_HEALTHY_BEHAVIOR;NO_POST_QUIZ_INTERVENTION,MOTIVATIONAL_MESSAGE,Low,2025-10-15,5,Send a short motivational nudge; no heavy intervention needed.,6,0.7142857142857082,-1.3333333333333321,93.8,92.2,94.0
S120,Amal Al-Salem,C04,facilitator6@noon.com,11,Remedial,25.0,29.0,4.0,True,41.1,Medium,36.7,1.0,19.0,LOW_ENGAGEMENT;NO_DOCUMENTED_INTERVENTION,CHRONIC_LOW_ATTENDANCE;NO_POST_QUIZ_INTERVENTION,ATTENDANCE_FOLLOW_UP,Medium,2025-10-14,10,Confirm attendance for the next session and note the reason for the gap.,6,-1.0,-0.380952380952381,23.5,27.9,25.0
S121,Yousef Al-Harbi,C04,facilitator6@noon.com,10,Standard,84.0,86.0,2.0,True,11.7,Low,12.6,1.0,16.0,NO_DOCUMENTED_INTERVENTION,STABLE_HEALTHY_BEHAVIOR;NO_POST_QUIZ_INTERVENTION,MOTIVATIONAL_MESSAGE,Low,2025-10-15,5,Send a short motivational nudge; no heavy intervention needed.,6,0.095238095238102,-1.6666666666666679,68.8,54.3,79.7
S122,Layla Al-Mutairi,C04,facilitator6@noon.com,11,Remedial,56.0,63.0,7.0,True,26.7,Low,24.6,1.0,16.0,UNRESOLVED_FOLLOW_UP,UNRESOLVED_FOLLOW_UP,STUDENT_CHECK_IN,Low,2025-10-15,10,Have a short 1:1 chat before/after the next session to understand the barrier.,6,1.5238095238095184,-2.3809523809523796,82.4,76.5,80.9
S123,Ahmad Al-Dossari,C04,facilitator6@noon.com,10,Standard,58.0,73.0,15.0,True,62.4,High,54.5,1.0,23.0,MODERATE_PERFORMANCE_GAP;LOW_ENGAGEMENT;NEGATIVE_TRAJECTORY;SEVERE_NOTE_CONCERN;UNRESOLVED_FOLLOW_UP,ACUTE_ATTENDANCE_DROP;UNRESOLVED_FOLLOW_UP,PARENT_CALL,High,2025-10-14,15,"Call the parent today; if unreachable, send WhatsApp and try again within 24h.",6,-59.23809523809524,-0.23809523809523808,8.7,3.6,6.5
S124,Fatima Al-Ghamdi,C04,facilitator6@noon.com,11,Standard,82.0,84.0,2.0,True,12.9,Low,13.5,1.0,16.0,NO_DOCUMENTED_INTERVENTION,STABLE_HEALTHY_BEHAVIOR;NO_POST_QUIZ_INTERVENTION,MOTIVATIONAL_MESSAGE,Low,2025-10-15,5,Send a short motivational nudge; no heavy intervention needed.,6,0.095238095238102,-1.6666666666666679,57.6,46.6,48.3
S125,Omar Al-Qahtani,C04,facilitator6@noon.com,10,Standard,87.0,89.0,2.0,True,11.2,Low,12.2,1.0,16.0,NO_DOCUMENTED_INTERVENTION,STABLE_HEALTHY_BEHAVIOR;NO_POST_QUIZ_INTERVENTION,MOTIVATIONAL_MESSAGE,Low,2025-10-15,5,Send a short motivational nudge; no heavy intervention needed.,6,0.7142857142857082,-1.3333333333333321,90.6,94.2,91.3
S126,Sara Al-Shammari,C04,facilitator6@noon.com,11,Remedial,29.0,35.0,6.0,True,41.9,Medium,37.3,1.0,19.0,LOW_ENGAGEMENT;NO_DOCUMENTED_INTERVENTION,CHRONIC_LOW_ATTENDANCE;NO_POST_QUIZ_INTERVENTION,ATTENDANCE_FOLLOW_UP,Medium,2025-10-14,10,Confirm attendance for the next session and note the reason for the gap.,6,-0.9047619047619051,-0.6666666666666667,35.3,35.3,25.0
S127,Khalid Al-Zahrani,C04,facilitator6@noon.com,10,Standard,84.0,86.0,2.0,True,11.9,Low,12.7,1.0,16.0,NO_DOCUMENTED_INTERVENTION,STABLE_HEALTHY_BEHAVIOR;NO_POST_QUIZ_INTERVENTION,MOTIVATIONAL_MESSAGE,Low,2025-10-15,5,Send a short motivational nudge; no heavy intervention needed.,6,0.095238095238102,-1.0,68.8,54.3,69.6
S128,Maryam Al-Maliki,C04,facilitator6@noon.com,11,Standard,64.0,68.0,4.0,True,21.5,Low,20.4,1.0,16.0,NO_DOCUMENTED_INTERVENTION,NO_POST_QUIZ_INTERVENTION,MOTIVATIONAL_MESSAGE,Low,2025-10-15,5,Send a short motivational nudge; no heavy intervention needed.,6,0.4285714285714306,-0.23809523809523725,19.5,11.0,21.2
S129,Abdullah Al-Otaibi,C04,facilitator6@noon.com,10,Standard,58.0,73.0,15.0,True,31.7,Medium,29.2,0.9,19.0,MODERATE_PERFORMANCE_GAP;NO_DOCUMENTED_INTERVENTION,ATTENDING_BUT_NOT_PRACTICING;NO_POST_QUIZ_INTERVENTION;DATA_QUALITY_RISK,STUDENT_CHECK_IN,Medium,2025-10-15,10,Have a short 1:1 chat before/after the next session to understand the barrier.,6,-0.5238095238095326,-0.23809523809523808,8.7,31.2,6.5
S130,Nora Al-Juhani,C04,facilitator6@noon.com,11,Standard,80.0,82.0,2.0,True,12.9,Low,13.5,1.0,16.0,NO_DOCUMENTED_INTERVENTION,STABLE_HEALTHY_BEHAVIOR;NO_POST_QUIZ_INTERVENTION,MOTIVATIONAL_MESSAGE,Low,2025-10-15,5,Send a short motivational nudge; no heavy intervention needed.,6,0.7619047619047592,-1.6666666666666679,46.6,73.7,48.3
S131,Hassan Al-Balawi,C04,facilitator6@noon.com,10,Standard,88.0,90.0,2.0,True,11.2,Low,12.2,1.0,16.0,NO_DOCUMENTED_INTERVENTION,STABLE_HEALTHY_BEHAVIOR;NO_POST_QUIZ_INTERVENTION,MOTIVATIONAL_MESSAGE,Low,2025-10-15,5,Send a short motivational nudge; no heavy intervention needed.,6,0.7142857142857082,-1.3333333333333321,96.4,94.2,96.4
S132,Amal Al-Subai,C04,facilitator6@noon.com,11,Remedial,23.0,27.0,4.0,True,41.6,Medium,37.1,1.0,19.0,LOW_ENGAGEMENT;NO_DOCUMENTED_INTERVENTION,CHRONIC_LOW_ATTENDANCE;NO_POST_QUIZ_INTERVENTION,ATTENDANCE_FOLLOW_UP,Medium,2025-10-14,10,Confirm attendance for the next session and note the reason for the gap.,6,-1.2380952380952408,-0.380952380952381,17.6,23.5,25.0
S133,Yousef Al-Faraj,C04,facilitator6@noon.com,10,Standard,83.0,85.0,2.0,True,11.7,Low,12.6,1.0,16.0,NO_DOCUMENTED_INTERVENTION,STABLE_HEALTHY_BEHAVIOR;NO_POST_QUIZ_INTERVENTION,MOTIVATIONAL_MESSAGE,Low,2025-10-15,5,Send a short motivational nudge; no heavy intervention needed.,6,0.095238095238102,-1.6666666666666679,57.2,54.3,79.7
S134,Layla Al-Khaldi,C04,facilitator6@noon.com,11,Standard,60.0,68.0,8.0,True,26.8,Low,24.6,0.9,16.0,NO_DOCUMENTED_INTERVENTION,NO_POST_QUIZ_INTERVENTION;DATA_QUALITY_RISK,MOTIVATIONAL_MESSAGE,Low,2025-10-15,5,Send a short motivational nudge; no heavy intervention needed.,6,-4.666666666666664,-1.7142857142857135,9.3,5.1,18.6
S135,Ahmad Al-Anzi,C04,facilitator6@noon.com,10,Standard,81.0,83.0,2.0,True,12.9,Low,13.5,1.0,16.0,NO_DOCUMENTED_INTERVENTION,STABLE_HEALTHY_BEHAVIOR;NO_POST_QUIZ_INTERVENTION,MOTIVATIONAL_MESSAGE,Low,2025-10-15,5,Send a short motivational nudge; no heavy intervention needed.,6,0.095238095238102,-1.6666666666666679,45.7,54.3,52.2
S136,Fatima Al-Shahrani,C04,facilitator6@noon.com,11,Standard,86.0,88.0,2.0,True,11.2,Low,12.2,1.0,16.0,NO_DOCUMENTED_INTERVENTION,STABLE_HEALTHY_BEHAVIOR;NO_POST_QUIZ_INTERVENTION,MOTIVATIONAL_MESSAGE,Low,2025-10-15,5,Send a short motivational nudge; no heavy intervention needed.,6,0.7142857142857082,-1.3333333333333321,83.1,92.4,89.8
S137,Omar Al-Qaisi,C04,facilitator6@noon.com,10,Remedial,27.0,32.0,5.0,True,41.8,Medium,37.2,1.0,19.0,LOW_ENGAGEMENT;NO_DOCUMENTED_INTERVENTION,CHRONIC_LOW_ATTENDANCE;NO_POST_QUIZ_INTERVENTION,ATTENDANCE_FOLLOW_UP,Medium,2025-10-14,10,Confirm attendance for the next session and note the reason for the gap.,6,-1.0,-0.6666666666666667,35.4,33.3,29.2
S138,Sara Al-Mutlaq,C04,facilitator6@noon.com,11,Standard,82.0,84.0,2.0,True,11.9,Low,12.7,1.0,16.0,NO_DOCUMENTED_INTERVENTION,STABLE_HEALTHY_BEHAVIOR;NO_POST_QUIZ_INTERVENTION,MOTIVATIONAL_MESSAGE,Low,2025-10-15,5,Send a short motivational nudge; no heavy intervention needed.,6,0.095238095238102,-1.0,57.6,46.6,68.6
S139,Khalid Al-Thani,C04,facilitator6@noon.com,10,Standard,62.0,66.0,4.0,True,22.2,Low,21.0,1.0,16.0,NO_DOCUMENTED_INTERVENTION,NO_POST_QUIZ_INTERVENTION,MOTIVATIONAL_MESSAGE,Low,2025-10-15,5,Send a short motivational nudge; no heavy intervention needed.,6,0.6190476190476133,-0.23809523809523814,21.7,21.7,29.0
S140,Maryam Al-Mansour,C04,facilitator6@noon.com,11,Standard,57.0,72.0,15.0,True,31.7,Medium,29.2,0.9,19.0,MODERATE_PERFORMANCE_GAP;NO_DOCUMENTED_INTERVENTION,ATTENDING_BUT_NOT_PRACTICING;NO_POST_QUIZ_INTERVENTION;DATA_QUALITY_RISK,STUDENT_CHECK_IN,Medium,2025-10-15,10,Have a short 1:1 chat before/after the next session to understand the barrier.,6,-0.5238095238095326,-0.23809523809523808,6.8,26.3,4.2
S141,Abdullah Al-Rashidi,C04,facilitator6@noon.com,10,Standard,79.0,81.0,2.0,True,52.4,High,46.5,0.9,23.0,LOW_ENGAGEMENT;NEGATIVE_TRAJECTORY;NO_DOCUMENTED_INTERVENTION,ACUTE_ATTENDANCE_DROP;PRACTICE_COLLAPSE;NO_POST_QUIZ_INTERVENTION;DATA_QUALITY_RISK,PARENT_CALL,High,2025-10-14,15,"Call the parent today; if unreachable, send WhatsApp and try again within 24h.",6,-54.238095238095234,-13.666666666666668,39.1,7.2,18.8
S142,Nora Al-Saud,C04,facilitator7@noon.com,11,Standard,79.0,81.0,2.0,True,12.9,Low,13.5,1.0,16.0,NO_DOCUMENTED_INTERVENTION,STABLE_HEALTHY_BEHAVIOR;NO_POST_QUIZ_INTERVENTION,MOTIVATIONAL_MESSAGE,Low,2025-10-15,5,Send a short motivational nudge; no heavy intervention needed.,6,0.7619047619047592,-1.6666666666666679,42.4,73.7,48.3
S143,Hassan Al-Khalifa,C04,facilitator7@noon.com,10,Standard,87.0,89.0,2.0,True,11.2,Low,12.2,1.0,16.0,NO_DOCUMENTED_INTERVENTION,STABLE_HEALTHY_BEHAVIOR;NO_POST_QUIZ_INTERVENTION,MOTIVATIONAL_MESSAGE,Low,2025-10-15,5,Send a short motivational nudge; no heavy intervention needed.,6,0.7142857142857082,-1.3333333333333321,90.6,94.2,96.4
S144,Amal Al-Salem,C04,facilitator7@noon.com,11,Remedial,21.0,25.0,4.0,True,42.0,Medium,37.4,1.0,19.0,LOW_ENGAGEMENT;NO_DOCUMENTED_INTERVENTION,CHRONIC_LOW_ATTENDANCE;NO_POST_QUIZ_INTERVENTION,ATTENDANCE_FOLLOW_UP,Medium,2025-10-14,10,Confirm attendance for the next session and note the reason for the gap.,6,-1.1428571428571423,-0.380952380952381,14.7,20.6,25.0
S145,Yousef Al-Harbi,C04,facilitator7@noon.com,10,Remedial,0.0,75.0,75.0,True,39.0,Medium,35.0,0.85,19.0,LARGE_PERFORMANCE_GAP,RECOVERY_TRAJECTORY;LARGE_TARGET_GAP;DATA_QUALITY_RISK,POSITIVE_REINFORCEMENT,Medium,2025-10-16,5,Acknowledge the improvement; keep momentum with light encouragement.,6,63.92857142857143,9.571428571428571,4.2,95.8,79.2
S146,Layla Al-Mutairi,C04,facilitator7@noon.com,11,Remedial,54.0,61.0,7.0,True,28.4,Low,25.9,1.0,16.0,UNRESOLVED_FOLLOW_UP,UNRESOLVED_FOLLOW_UP,STUDENT_CHECK_IN,Low,2025-10-15,10,Have a short 1:1 chat before/after the next session to understand the barrier.,6,1.5714285714285694,-2.3809523809523796,73.5,72.1,73.5
S147,Ahmad Al-Dossari,C04,facilitator7@noon.com,10,Standard,80.0,82.0,2.0,True,12.9,Low,13.5,1.0,16.0,NO_DOCUMENTED_INTERVENTION,STABLE_HEALTHY_BEHAVIOR;NO_POST_QUIZ_INTERVENTION,MOTIVATIONAL_MESSAGE,Low,2025-10-15,5,Send a short motivational nudge; no heavy intervention needed.,6,0.095238095238102,-1.6666666666666679,42.8,54.3,52.2
S148,Fatima Al-Ghamdi,C04,facilitator7@noon.com,11,Standard,85.0,87.0,2.0,True,11.2,Low,12.2,1.0,16.0,NO_DOCUMENTED_INTERVENTION,STABLE_HEALTHY_BEHAVIOR;NO_POST_QUIZ_INTERVENTION,MOTIVATIONAL_MESSAGE,Low,2025-10-15,5,Send a short motivational nudge; no heavy intervention needed.,6,0.7142857142857082,-1.3333333333333321,74.6,92.4,89.8
S149,Omar Al-Qahtani,C04,facilitator7@noon.com,10,Remedial,25.0,29.0,4.0,True,41.6,Medium,37.1,1.0,19.0,LOW_ENGAGEMENT;NO_DOCUMENTED_INTERVENTION,CHRONIC_LOW_ATTENDANCE;NO_POST_QUIZ_INTERVENTION,ATTENDANCE_FOLLOW_UP,Medium,2025-10-14,10,Confirm attendance for the next session and note the reason for the gap.,6,-1.2380952380952408,-0.6666666666666667,29.2,29.2,29.2
S150,Sara Al-Shammari,C04,facilitator7@noon.com,11,Standard,81.0,83.0,2.0,True,11.9,Low,12.7,1.0,16.0,NO_DOCUMENTED_INTERVENTION,STABLE_HEALTHY_BEHAVIOR;NO_POST_QUIZ_INTERVENTION,MOTIVATIONAL_MESSAGE,Low,2025-10-15,5,Send a short motivational nudge; no heavy intervention needed.,6,0.095238095238102,-1.0,50.8,46.6,68.6
S151,Khalid Al-Zahrani,C04,facilitator7@noon.com,10,Standard,61.0,65.0,4.0,True,22.6,Low,21.3,1.0,16.0,NO_DOCUMENTED_INTERVENTION,NO_POST_QUIZ_INTERVENTION,MOTIVATIONAL_MESSAGE,Low,2025-10-15,5,Send a short motivational nudge; no heavy intervention needed.,6,0.5238095238095184,-0.23809523809523814,19.6,20.3,29.0
S152,Maryam Al-Maliki,C04,facilitator7@noon.com,11,Standard,56.0,71.0,15.0,True,31.7,Medium,29.2,0.9,19.0,MODERATE_PERFORMANCE_GAP;NO_DOCUMENTED_INTERVENTION,ATTENDING_BUT_NOT_PRACTICING;NO_POST_QUIZ_INTERVENTION;DATA_QUALITY_RISK,STUDENT_CHECK_IN,Medium,2025-10-15,10,Have a short 1:1 chat before/after the next session to understand the barrier.,6,-0.5238095238095326,-0.23809523809523808,5.1,26.3,4.2
S153,Abdullah Al-Otaibi,C04,facilitator7@noon.com,10,Standard,78.0,80.0,2.0,True,12.9,Low,13.5,1.0,16.0,NO_DOCUMENTED_INTERVENTION,STABLE_HEALTHY_BEHAVIOR;NO_POST_QUIZ_INTERVENTION,MOTIVATIONAL_MESSAGE,Low,2025-10-15,5,Send a short motivational nudge; no heavy intervention needed.,6,0.7619047619047592,-1.6666666666666679,35.5,80.4,52.2
S154,Nora Al-Juhani,C04,facilitator7@noon.com,11,Standard,86.0,88.0,2.0,True,11.2,Low,12.2,1.0,16.0,NO_DOCUMENTED_INTERVENTION,STABLE_HEALTHY_BEHAVIOR;NO_POST_QUIZ_INTERVENTION,MOTIVATIONAL_MESSAGE,Low,2025-10-15,5,Send a short motivational nudge; no heavy intervention needed.,6,0.7142857142857082,-1.3333333333333321,83.1,92.4,98.3
S155,Hassan Al-Balawi,C04,facilitator7@noon.com,10,Remedial,19.0,22.0,3.0,True,41.7,Medium,37.2,1.0,19.0,LOW_ENGAGEMENT;NO_DOCUMENTED_INTERVENTION,CHRONIC_LOW_ATTENDANCE;NO_POST_QUIZ_INTERVENTION,ATTENDANCE_FOLLOW_UP,Medium,2025-10-14,10,Confirm attendance for the next session and note the reason for the gap.,6,-0.9047619047619051,-0.380952380952381,16.7,18.8,29.2
S156,Amal Al-Subai,C04,facilitator7@noon.com,11,Remedial,78.0,85.0,7.0,True,14.5,Low,14.8,0.9,16.0,NO_DOCUMENTED_INTERVENTION,RECOVERY_TRAJECTORY;NO_POST_QUIZ_INTERVENTION;DATA_QUALITY_RISK,POSITIVE_REINFORCEMENT,Low,2025-10-16,5,Acknowledge the improvement; keep momentum with light encouragement.,6,25.047619047619044,18.142857142857142,97.1,100.0,98.5
S157,Yousef Al-Faraj,C04,facilitator7@noon.com,10,Standard,79.0,81.0,2.0,True,12.9,Low,13.5,1.0,16.0,NO_DOCUMENTED_INTERVENTION,STABLE_HEALTHY_BEHAVIOR;NO_POST_QUIZ_INTERVENTION,MOTIVATIONAL_MESSAGE,Low,2025-10-15,5,Send a short motivational nudge; no heavy intervention needed.,6,0.095238095238102,-1.6666666666666679,39.1,54.3,52.2
S158,Layla Al-Khaldi,C04,facilitator7@noon.com,11,Standard,84.0,86.0,2.0,True,11.2,Low,12.2,1.0,16.0,NO_DOCUMENTED_INTERVENTION,STABLE_HEALTHY_BEHAVIOR;NO_POST_QUIZ_INTERVENTION,MOTIVATIONAL_MESSAGE,Low,2025-10-15,5,Send a short motivational nudge; no heavy intervention needed.,6,0.7142857142857082,-1.3333333333333321,68.6,92.4,89.8
S159,Ahmad Al-Anzi,C04,facilitator7@noon.com,10,Remedial,23.0,27.0,4.0,True,42.0,Medium,37.4,1.0,19.0,LOW_ENGAGEMENT;NO_DOCUMENTED_INTERVENTION,CHRONIC_LOW_ATTENDANCE;NO_POST_QUIZ_INTERVENTION,ATTENDANCE_FOLLOW_UP,Medium,2025-10-14,10,Confirm attendance for the next session and note the reason for the gap.,6,-1.1428571428571423,-0.6666666666666667,25.0,25.0,29.2
S160,Fatima Al-Shahrani,C04,facilitator7@noon.com,11,Standard,80.0,82.0,2.0,True,11.9,Low,12.7,1.0,16.0,NO_DOCUMENTED_INTERVENTION,STABLE_HEALTHY_BEHAVIOR;NO_POST_QUIZ_INTERVENTION,MOTIVATIONAL_MESSAGE,Low,2025-10-15,5,Send a short motivational nudge; no heavy intervention needed.,6,0.095238095238102,-1.0,46.6,46.6,68.6
S161,Omar Al-Qaisi,C04,facilitator7@noon.com,10,Standard,59.0,63.0,4.0,True,23.8,Low,22.2,1.0,16.0,NO_DOCUMENTED_INTERVENTION,NO_POST_QUIZ_INTERVENTION,MOTIVATIONAL_MESSAGE,Low,2025-10-15,5,Send a short motivational nudge; no heavy intervention needed.,6,0.4761904761904816,-0.23809523809523814,14.5,17.4,25.4
S162,Sara Al-Mutlaq,C04,facilitator7@noon.com,11,Standard,55.0,70.0,15.0,True,31.7,Medium,29.2,0.9,19.0,MODERATE_PERFORMANCE_GAP;NO_DOCUMENTED_INTERVENTION,ATTENDING_BUT_NOT_PRACTICING;NO_POST_QUIZ_INTERVENTION;DATA_QUALITY_RISK,STUDENT_CHECK_IN,Medium,2025-10-15,10,Have a short 1:1 chat before/after the next session to understand the barrier.,6,-0.5238095238095326,-0.23809523809523808,3.4,26.3,4.2
S163,Khalid Al-Thani,C05,facilitator8@noon.com,10,Standard,77.0,79.0,2.0,True,49.8,Medium,43.6,1.0,19.0,NEGATIVE_TRAJECTORY;UNRESOLVED_FOLLOW_UP,ACUTE_ATTENDANCE_DROP;PRACTICE_COLLAPSE;CRAMMING_PATTERN;UNRESOLVED_FOLLOW_UP,ATTENDANCE_FOLLOW_UP,Medium,2025-10-14,10,Confirm attendance for the next session and note the reason for the gap.,6,-44.904761904761905,-23.095238095238095,32.6,13.0,18.8
S164,Maryam Al-Mansour,C05,facilitator8@noon.com,11,Standard,77.0,79.0,2.0,True,12.9,Low,13.5,1.0,16.0,NO_DOCUMENTED_INTERVENTION,STABLE_HEALTHY_BEHAVIOR;NO_POST_QUIZ_INTERVENTION,MOTIVATIONAL_MESSAGE,Low,2025-10-15,5,Send a short motivational nudge; no heavy intervention needed.,6,0.7619047619047592,-1.6666666666666679,36.4,73.7,48.3
S165,Abdullah Al-Rashidi,C05,facilitator8@noon.com,10,Standard,83.0,85.0,2.0,True,11.2,Low,12.2,1.0,16.0,NO_DOCUMENTED_INTERVENTION,STABLE_HEALTHY_BEHAVIOR;NO_POST_QUIZ_INTERVENTION,MOTIVATIONAL_MESSAGE,Low,2025-10-15,5,Send a short motivational nudge; no heavy intervention needed.,6,0.7142857142857082,-1.3333333333333321,57.2,94.2,96.4
S166,Nora Al-Saud,C05,facilitator8@noon.com,11,Remedial,17.0,20.0,3.0,True,42.2,Medium,37.6,1.0,19.0,LOW_ENGAGEMENT;NO_DOCUMENTED_INTERVENTION,CHRONIC_LOW_ATTENDANCE;NO_POST_QUIZ_INTERVENTION,ATTENDANCE_FOLLOW_UP,Medium,2025-10-14,10,Confirm attendance for the next session and note the reason for the gap.,6,-1.0,-0.380952380952381,11.8,16.2,25.0
S167,Hassan Al-Khalifa,C05,facilitator8@noon.com,10,Standard,79.0,81.0,2.0,True,11.7,Low,12.6,1.0,16.0,NO_DOCUMENTED_INTERVENTION,STABLE_HEALTHY_BEHAVIOR;NO_POST_QUIZ_INTERVENTION,MOTIVATIONAL_MESSAGE,Low,2025-10-15,5,Send a short motivational nudge; no heavy intervention needed.,6,0.095238095238102,-1.6666666666666679,39.1,54.3,79.7
S168,Amal Al-Salem,C05,facilitator8@noon.com,11,Remedial,51.0,57.0,6.0,True,37.9,Medium,34.1,1.0,19.0,UNRESOLVED_FOLLOW_UP,CHRONIC_LOW_ATTENDANCE;UNRESOLVED_FOLLOW_UP,ATTENDANCE_FOLLOW_UP,Medium,2025-10-14,10,Confirm attendance for the next session and note the reason for the gap.,6,1.4285714285714306,-2.3809523809523796,67.6,60.3,70.6
S169,Yousef Al-Harbi,C05,facilitator8@noon.com,10,Standard,78.0,80.0,2.0,True,12.9,Low,13.5,1.0,16.0,NO_DOCUMENTED_INTERVENTION,STABLE_HEALTHY_BEHAVIOR;NO_POST_QUIZ_INTERVENTION,MOTIVATIONAL_MESSAGE,Low,2025-10-15,5,Send a short motivational nudge; no heavy intervention needed.,6,0.095238095238102,-1.6666666666666679,35.5,54.3,52.2
S170,Layla Al-Mutairi,C05,facilitator8@noon.com,11,Standard,83.0,85.0,2.0,True,11.2,Low,12.2,1.0,16.0,NO_DOCUMENTED_INTERVENTION,STABLE_HEALTHY_BEHAVIOR;NO_POST_QUIZ_INTERVENTION,MOTIVATIONAL_MESSAGE,Low,2025-10-15,5,Send a short motivational nudge; no heavy intervention needed.,6,0.7142857142857082,-1.3333333333333321,63.6,92.4,89.8
S171,Ahmad Al-Dossari,C05,facilitator8@noon.com,10,Remedial,20.0,24.0,4.0,True,42.3,Medium,37.6,1.0,19.0,LOW_ENGAGEMENT;NO_DOCUMENTED_INTERVENTION,CHRONIC_LOW_ATTENDANCE;NO_POST_QUIZ_INTERVENTION,ATTENDANCE_FOLLOW_UP,Medium,2025-10-14,10,Confirm attendance for the next session and note the reason for the gap.,6,-0.9047619047619051,-0.6666666666666667,20.8,18.8,29.2
S172,Fatima Al-Ghamdi,C05,facilitator8@noon.com,11,Standard,79.0,81.0,2.0,True,11.9,Low,12.7,1.0,16.0,NO_DOCUMENTED_INTERVENTION,STABLE_HEALTHY_BEHAVIOR;NO_POST_QUIZ_INTERVENTION,MOTIVATIONAL_MESSAGE,Low,2025-10-15,5,Send a short motivational nudge; no heavy intervention needed.,6,0.095238095238102,-1.0,42.4,46.6,68.6
S173,Omar Al-Qahtani,C05,facilitator8@noon.com,10,Standard,57.0,61.0,4.0,True,25.0,Low,23.2,1.0,16.0,NO_DOCUMENTED_INTERVENTION,NO_POST_QUIZ_INTERVENTION,MOTIVATIONAL_MESSAGE,Low,2025-10-15,5,Send a short motivational nudge; no heavy intervention needed.,6,0.4285714285714306,-0.23809523809523814,3.6,15.9,18.8
S174,Sara Al-Shammari,C05,facilitator8@noon.com,11,Standard,54.0,69.0,15.0,True,34.7,Medium,31.6,1.0,19.0,MODERATE_PERFORMANCE_GAP;UNRESOLVED_FOLLOW_UP,ATTENDING_BUT_NOT_PRACTICING;UNRESOLVED_FOLLOW_UP,STUDENT_CHECK_IN,Medium,2025-10-15,10,Have a short 1:1 chat before/after the next session to understand the barrier.,6,-0.5238095238095326,-0.23809523809523808,1.7,26.3,4.2
S175,Khalid Al-Zahrani,C05,facilitator8@noon.com,10,Standard,76.0,78.0,2.0,True,12.9,Low,13.5,1.0,16.0,NO_DOCUMENTED_INTERVENTION,STABLE_HEALTHY_BEHAVIOR;NO_POST_QUIZ_INTERVENTION,MOTIVATIONAL_MESSAGE,Low,2025-10-15,5,Send a short motivational nudge; no heavy intervention needed.,6,0.7619047619047592,-1.6666666666666679,29.7,80.4,52.2
S176,Maryam Al-Maliki,C05,facilitator8@noon.com,11,Standard,82.0,84.0,2.0,True,11.2,Low,12.2,1.0,16.0,NO_DOCUMENTED_INTERVENTION,STABLE_HEALTHY_BEHAVIOR;NO_POST_QUIZ_INTERVENTION,MOTIVATIONAL_MESSAGE,Low,2025-10-15,5,Send a short motivational nudge; no heavy intervention needed.,6,0.7142857142857082,-1.3333333333333321,57.6,92.4,98.3
S177,Abdullah Al-Otaibi,C05,facilitator8@noon.com,10,Remedial,18.0,21.0,3.0,True,42.2,Medium,37.6,1.0,19.0,LOW_ENGAGEMENT;NO_DOCUMENTED_INTERVENTION,CHRONIC_LOW_ATTENDANCE;NO_POST_QUIZ_INTERVENTION,ATTENDANCE_FOLLOW_UP,Medium,2025-10-14,10,Confirm attendance for the next session and note the reason for the gap.,6,-1.0,-0.380952380952381,12.5,12.5,29.2
S178,Nora Al-Juhani,C05,facilitator8@noon.com,11,Standard,78.0,80.0,2.0,True,11.7,Low,12.6,1.0,16.0,NO_DOCUMENTED_INTERVENTION,STABLE_HEALTHY_BEHAVIOR;NO_POST_QUIZ_INTERVENTION,MOTIVATIONAL_MESSAGE,Low,2025-10-15,5,Send a short motivational nudge; no heavy intervention needed.,6,0.095238095238102,-1.6666666666666679,39.0,46.6,78.8
S179,Hassan Al-Balawi,C05,facilitator8@noon.com,10,Remedial,49.0,55.0,6.0,True,39.5,Medium,35.4,1.0,19.0,UNRESOLVED_FOLLOW_UP,CHRONIC_LOW_ATTENDANCE;UNRESOLVED_FOLLOW_UP,ATTENDANCE_FOLLOW_UP,Medium,2025-10-14,10,Confirm attendance for the next session and note the reason for the gap.,6,1.6666666666666643,-2.3809523809523805,79.2,66.7,75.0
S180,Amal Al-Subai,C05,facilitator8@noon.com,11,Standard,77.0,79.0,2.0,True,12.9,Low,13.5,1.0,16.0,NO_DOCUMENTED_INTERVENTION,STABLE_HEALTHY_BEHAVIOR;NO_POST_QUIZ_INTERVENTION,MOTIVATIONAL_MESSAGE,Low,2025-10-15,5,Send a short motivational nudge; no heavy intervention needed.,6,0.095238095238102,-1.6666666666666679,36.4,46.6,48.3
S181,Yousef Al-Faraj,C05,facilitator8@noon.com,10,Standard,82.0,84.0,2.0,True,11.2,Low,12.2,1.0,16.0,NO_DOCUMENTED_INTERVENTION,STABLE_HEALTHY_BEHAVIOR;NO_POST_QUIZ_INTERVENTION,MOTIVATIONAL_MESSAGE,Low,2025-10-15,5,Send a short motivational nudge; no heavy intervention needed.,6,0.7142857142857082,-1.3333333333333321,49.3,94.2,91.3
S182,Layla Al-Khaldi,C05,facilitator8@noon.com,11,Remedial,15.0,18.0,3.0,True,42.6,Medium,37.9,1.0,19.0,LOW_ENGAGEMENT;NO_DOCUMENTED_INTERVENTION,CHRONIC_LOW_ATTENDANCE;NO_POST_QUIZ_INTERVENTION,ATTENDANCE_FOLLOW_UP,Medium,2025-10-14,10,Confirm attendance for the next session and note the reason for the gap.,6,-1.2380952380952372,-0.380952380952381,8.8,11.8,25.0
S183,Ahmad Al-Anzi,C05,facilitator8@noon.com,10,Standard,77.0,79.0,2.0,True,11.9,Low,12.7,1.0,16.0,NO_DOCUMENTED_INTERVENTION,STABLE_HEALTHY_BEHAVIOR;NO_POST_QUIZ_INTERVENTION,MOTIVATIONAL_MESSAGE,Low,2025-10-15,5,Send a short motivational nudge; no heavy intervention needed.,6,0.095238095238102,-1.0,32.6,54.3,69.6
S184,Fatima Al-Shahrani,C05,facilitator8@noon.com,11,Remedial,55.0,60.0,5.0,True,27.1,Low,24.9,1.0,16.0,NO_DOCUMENTED_INTERVENTION,NO_POST_QUIZ_INTERVENTION,MOTIVATIONAL_MESSAGE,Low,2025-10-15,5,Send a short motivational nudge; no heavy intervention needed.,6,1.4285714285714306,-0.23809523809523814,77.9,82.4,67.6
S185,Omar Al-Qaisi,C05,facilitator8@noon.com,10,Standard,53.0,68.0,15.0,True,34.7,Medium,31.6,1.0,19.0,MODERATE_PERFORMANCE_GAP;UNRESOLVED_FOLLOW_UP,ATTENDING_BUT_NOT_PRACTICING;UNRESOLVED_FOLLOW_UP,STUDENT_CHECK_IN,Medium,2025-10-15,10,Have a short 1:1 chat before/after the next session to understand the barrier.,6,-0.5238095238095326,-0.23809523809523808,1.4,31.2,6.5
S186,Sara Al-Mutlaq,C05,facilitator8@noon.com,11,Standard,75.0,77.0,2.0,True,12.9,Low,13.5,1.0,16.0,NO_DOCUMENTED_INTERVENTION,STABLE_HEALTHY_BEHAVIOR;NO_POST_QUIZ_INTERVENTION,MOTIVATIONAL_MESSAGE,Low,2025-10-15,5,Send a short motivational nudge; no heavy intervention needed.,6,0.7619047619047592,-1.6666666666666679,33.1,73.7,48.3
S187,Khalid Al-Thani,C05,facilitator8@noon.com,10,Standard,81.0,83.0,2.0,True,11.2,Low,12.2,1.0,16.0,NO_DOCUMENTED_INTERVENTION,STABLE_HEALTHY_BEHAVIOR;NO_POST_QUIZ_INTERVENTION,MOTIVATIONAL_MESSAGE,Low,2025-10-15,5,Send a short motivational nudge; no heavy intervention needed.,6,0.7142857142857082,-1.3333333333333321,45.7,94.2,96.4
S188,Maryam Al-Mansour,C05,facilitator8@noon.com,11,Remedial,13.0,16.0,3.0,True,43.0,Medium,38.2,1.0,19.0,LOW_ENGAGEMENT;NO_DOCUMENTED_INTERVENTION,CHRONIC_LOW_ATTENDANCE;NO_POST_QUIZ_INTERVENTION,ATTENDANCE_FOLLOW_UP,Medium,2025-10-14,10,Confirm attendance for the next session and note the reason for the gap.,6,-1.1428571428571423,-0.380952380952381,5.9,8.8,25.0
S189,Abdullah Al-Rashidi,C05,facilitator8@noon.com,10,Standard,76.0,78.0,2.0,True,11.7,Low,12.6,1.0,16.0,NO_DOCUMENTED_INTERVENTION,STABLE_HEALTHY_BEHAVIOR;NO_POST_QUIZ_INTERVENTION,MOTIVATIONAL_MESSAGE,Low,2025-10-15,5,Send a short motivational nudge; no heavy intervention needed.,6,0.095238095238102,-1.6666666666666679,29.7,54.3,79.7
S190,Nora Al-Saud,C05,facilitator8@noon.com,11,Remedial,46.0,65.0,19.0,True,70.4,Critical,61.5,0.9,26.0,MODERATE_PERFORMANCE_GAP;LOW_ENGAGEMENT;NEGATIVE_TRAJECTORY;NO_DOCUMENTED_INTERVENTION,ACUTE_ATTENDANCE_DROP;PRACTICE_COLLAPSE;NO_POST_QUIZ_INTERVENTION;DATA_QUALITY_RISK,PARENT_CALL,Critical,2025-10-14,15,"Call the parent today; if unreachable, send WhatsApp and try again within 24h.",6,-50.95238095238095,-11.809523809523808,64.7,2.9,25.0
S191,Hassan Al-Khalifa,C05,facilitator8@noon.com,10,Remedial,47.0,54.0,7.0,True,38.2,Medium,34.4,0.9,19.0,LOW_ENGAGEMENT;NO_DOCUMENTED_INTERVENTION,CHRONIC_LOW_ATTENDANCE;NO_POST_QUIZ_INTERVENTION;DATA_QUALITY_RISK,ATTENDANCE_FOLLOW_UP,Medium,2025-10-14,10,Confirm attendance for the next session and note the reason for the gap.,6,1.4285714285714306,-1.9523809523809526,70.8,58.3,70.8
S192,Amal Al-Salem,C05,facilitator8@noon.com,11,Standard,75.0,77.0,2.0,True,12.9,Low,13.5,1.0,16.0,NO_DOCUMENTED_INTERVENTION,STABLE_HEALTHY_BEHAVIOR;NO_POST_QUIZ_INTERVENTION,MOTIVATIONAL_MESSAGE,Low,2025-10-15,5,Send a short motivational nudge; no heavy intervention needed.,6,0.095238095238102,-1.6666666666666679,33.1,46.6,48.3
S193,Yousef Al-Harbi,C05,facilitator8@noon.com,10,Standard,80.0,82.0,2.0,True,11.2,Low,12.2,1.0,16.0,NO_DOCUMENTED_INTERVENTION,STABLE_HEALTHY_BEHAVIOR;NO_POST_QUIZ_INTERVENTION,MOTIVATIONAL_MESSAGE,Low,2025-10-15,5,Send a short motivational nudge; no heavy intervention needed.,6,0.7142857142857082,-1.3333333333333321,42.8,94.2,91.3
S194,Layla Al-Mutairi,C05,facilitator8@noon.com,11,Remedial,11.0,14.0,3.0,True,43.4,Medium,38.5,1.0,19.0,LOW_ENGAGEMENT;NO_DOCUMENTED_INTERVENTION,CHRONIC_LOW_ATTENDANCE;NO_POST_QUIZ_INTERVENTION,ATTENDANCE_FOLLOW_UP,Medium,2025-10-14,10,Confirm attendance for the next session and note the reason for the gap.,6,-0.9047619047619042,-0.380952380952381,2.9,5.9,25.0
S195,Ahmad Al-Dossari,C05,facilitator8@noon.com,10,Standard,75.0,77.0,2.0,True,11.9,Low,12.7,1.0,16.0,NO_DOCUMENTED_INTERVENTION,STABLE_HEALTHY_BEHAVIOR;NO_POST_QUIZ_INTERVENTION,MOTIVATIONAL_MESSAGE,Low,2025-10-15,5,Send a short motivational nudge; no heavy intervention needed.,6,0.095238095238102,-1.0,27.5,54.3,69.6
S196,Fatima Al-Ghamdi,C05,facilitator8@noon.com,11,Remedial,45.0,52.0,7.0,True,40.1,Medium,35.9,0.9,19.0,LOW_ENGAGEMENT;NO_DOCUMENTED_INTERVENTION,CHRONIC_LOW_ATTENDANCE;NO_POST_QUIZ_INTERVENTION;DATA_QUALITY_RISK,ATTENDANCE_FOLLOW_UP,Medium,2025-10-14,10,Confirm attendance for the next session and note the reason for the gap.,6,1.428571428571427,-1.619047619047619,61.8,41.2,64.7
S197,Omar Al-Qahtani,C05,facilitator8@noon.com,10,Standard,74.0,76.0,2.0,True,12.9,Low,13.5,1.0,16.0,NO_DOCUMENTED_INTERVENTION,STABLE_HEALTHY_BEHAVIOR;NO_POST_QUIZ_INTERVENTION,MOTIVATIONAL_MESSAGE,Low,2025-10-15,5,Send a short motivational nudge; no heavy intervention needed.,6,0.095238095238102,-1.6666666666666679,26.1,54.3,52.2
S198,Sara Al-Shammari,C05,facilitator8@noon.com,11,Standard,79.0,81.0,2.0,True,11.2,Low,12.2,1.0,16.0,NO_DOCUMENTED_INTERVENTION,STABLE_HEALTHY_BEHAVIOR;NO_POST_QUIZ_INTERVENTION,MOTIVATIONAL_MESSAGE,Low,2025-10-15,5,Send a short motivational nudge; no heavy intervention needed.,6,0.7142857142857082,-1.3333333333333321,42.4,92.4,89.8
S199,Khalid Al-Zahrani,C05,facilitator8@noon.com,10,Remedial,9.0,12.0,3.0,True,43.8,Medium,38.8,1.0,19.0,LOW_ENGAGEMENT;NO_DOCUMENTED_INTERVENTION,CHRONIC_LOW_ATTENDANCE;NO_POST_QUIZ_INTERVENTION,ATTENDANCE_FOLLOW_UP,Medium,2025-10-14,10,Confirm attendance for the next session and note the reason for the gap.,6,-1.0,-0.380952380952381,8.3,4.2,29.2
S200,Maryam Al-Maliki,C05,facilitator8@noon.com,11,Standard,74.0,76.0,2.0,True,11.9,Low,12.7,1.0,16.0,NO_DOCUMENTED_INTERVENTION,STABLE_HEALTHY_BEHAVIOR;NO_POST_QUIZ_INTERVENTION,MOTIVATIONAL_MESSAGE,Low,2025-10-15,5,Send a short motivational nudge; no heavy intervention needed.,6,0.095238095238102,-1.0,30.5,46.6,68.6
